"day_local","take_off","datetime_utc","epoch","dji_lat","dji_long","dji_alt","temp","hum","pres","dewtemp","temp_k","svp","avp","mratio","pottemp","vpottemp","dji_status","wspd","dir","u","v"
20230309,"09",2023-03-08 23:34:19,1678318459,-23.5044166255698,152.093407751221,10.77,27.69,82.1,1010.18,24.36,301.19,37.06,30.42,19.31,300.32,303.86,"start",3.3,135,-2.333,2.333
20230309,"09",2023-03-08 23:34:20,1678318460,-23.5044159665641,152.09340741472,13.03,27.49,82.3,1009.93,24.2,300.99,36.63,30.14,19.14,300.14,303.64,"ascent",3.3,135,-2.331,2.331
20230309,"09",2023-03-08 23:34:21,1678318461,-23.5044154163874,152.093406767283,16.43,27.37,82.5,1009.58,24.13,300.87,36.37,30.01,19.05,300.05,303.54,"ascent",3.3,135,-2.328,2.328
20230309,"09",2023-03-08 23:34:22,1678318462,-23.5044151767879,152.093406433807,19.51,27.28,82.7,1009.24,24.08,300.78,36.18,29.92,19,299.99,303.47,"ascent",3.3,135,-2.326,2.326
20230309,"09",2023-03-08 23:34:23,1678318463,-23.5044149836279,152.093406243227,22.6,27.21,82.8,1008.85,24.03,300.71,36.03,29.83,18.95,299.95,303.42,"ascent",3.3,135,-2.324,2.324
20230309,"09",2023-03-08 23:34:24,1678318464,-23.5044148147968,152.0934064432,25.75,27.18,83.2,1008.5,24.08,300.68,35.97,29.93,19.02,299.95,303.43,"ascent",3.3,135,-2.321,2.321
20230309,"09",2023-03-08 23:34:25,1678318465,-23.5044147965539,152.093406699405,28.75,27.17,83.5,1008.2,24.13,300.67,35.95,30.02,19.09,299.97,303.46,"ascent",3.3,135,-2.319,2.319
20230309,"09",2023-03-08 23:34:26,1678318466,-23.504415125496,152.093407448758,31.6,27.09,83.4,1007.8,24.03,300.59,35.78,29.84,18.98,299.92,303.4,"ascent",3.3,135,-2.317,2.317
20230309,"09",2023-03-08 23:34:27,1678318467,-23.5044155634642,152.093407517188,34.55,27.1,83.5,1007.54,24.06,300.6,35.8,29.89,19.02,299.96,303.44,"ascent",3.3,135,-2.314,2.314
20230309,"09",2023-03-08 23:34:28,1678318468,-23.5044160195979,152.093407281674,37.65,27.04,83.7,1007.18,24.04,300.54,35.67,29.86,19,299.93,303.4,"ascent",3.3,135,-2.312,2.312
20230309,"09",2023-03-08 23:34:29,1678318469,-23.5044164323551,152.093407263663,40.8,26.98,83.7,1006.86,23.99,300.48,35.55,29.75,18.94,299.89,303.36,"ascent",3.3,135,-2.31,2.31
20230309,"09",2023-03-08 23:34:30,1678318470,-23.5044168343376,152.093407845912,43.65,26.94,83.9,1006.54,23.99,300.44,35.46,29.76,18.95,299.88,303.35,"ascent",3.3,135,-2.307,2.307
20230309,"09",2023-03-08 23:34:31,1678318471,-23.5044164627025,152.093408344428,46.5,26.91,84,1006.16,23.98,300.41,35.4,29.74,18.94,299.88,303.35,"ascent",3.3,135,-2.305,2.305
20230309,"09",2023-03-08 23:34:32,1678318472,-23.5044163831841,152.093408124306,49.68,26.97,84.4,1005.78,24.11,300.47,35.53,29.99,19.11,299.98,303.47,"ascent",3.3,135,-2.303,2.303
20230309,"09",2023-03-08 23:34:33,1678318473,-23.5044163314985,152.093408261619,52.9,26.94,84.9,1005.45,24.18,300.44,35.46,30.11,19.2,299.97,303.49,"ascent",3.3,135,-2.3,2.3
20230309,"09",2023-03-08 23:34:34,1678318474,-23.504416153797,152.093408660236,55.75,26.9,85,1005.15,24.16,300.4,35.38,30.07,19.18,299.96,303.47,"ascent",3.2,135,-2.298,2.298
20230309,"09",2023-03-08 23:34:35,1678318475,-23.5044162851137,152.093408649672,58.53,26.92,85,1004.84,24.18,300.42,35.42,30.11,19.21,300.01,303.52,"ascent",3.2,135,-2.296,2.296
20230309,"09",2023-03-08 23:34:36,1678318476,-23.5044158467145,152.093409072141,61.65,26.85,84.9,1004.46,24.09,300.35,35.28,29.95,19.12,299.97,303.47,"ascent",3.2,135,-2.293,2.293
20230309,"09",2023-03-08 23:34:37,1678318477,-23.5044171534563,152.09340841232,64.8,26.73,84.5,1004.11,23.9,300.23,35.03,29.6,18.89,299.88,303.33,"ascent",3.2,135,-2.291,2.291
20230309,"09",2023-03-08 23:34:38,1678318478,-23.5044172808224,152.093408266934,67.67,26.78,85.1,1003.79,24.07,300.28,35.13,29.9,19.09,299.96,303.45,"ascent",3.2,135,-2.289,2.289
20230309,"09",2023-03-08 23:34:39,1678318479,-23.5044171904928,152.093408722675,70.6,26.8,85.3,1003.45,24.12,300.3,35.17,30,19.17,300,303.51,"ascent",3.2,135,-2.286,2.286
20230309,"09",2023-03-08 23:34:40,1678318480,-23.5044170622819,152.093408843675,73.71,26.75,85.3,1003.09,24.08,300.25,35.07,29.92,19.12,299.99,303.48,"ascent",3.2,135,-2.284,2.284
20230309,"09",2023-03-08 23:34:41,1678318481,-23.5044169331838,152.0934088223,76.84,26.73,85.7,1002.73,24.13,300.23,35.03,30.02,19.2,300,303.51,"ascent",3.2,135,-2.282,2.282
20230309,"09",2023-03-08 23:34:42,1678318482,-23.5044167893967,152.093409232116,79.86,26.73,86.2,1002.37,24.23,300.23,35.03,30.2,19.32,300.03,303.56,"ascent",3.2,135,-2.279,2.279
20230309,"09",2023-03-08 23:34:43,1678318483,-23.5044173849351,152.093408873371,82.65,26.68,86.3,1002.08,24.2,300.18,34.93,30.14,19.29,300,303.53,"ascent",3.2,135,-2.277,2.277
20230309,"09",2023-03-08 23:34:44,1678318484,-23.5044175662035,152.093408650363,85.65,26.71,86.7,1001.74,24.31,300.21,34.99,30.33,19.42,300.06,303.62,"ascent",3.2,135,-2.275,2.275
20230309,"09",2023-03-08 23:34:45,1678318485,-23.5044174482953,152.093409058008,88.8,26.69,86.8,1001.39,24.31,300.19,34.95,30.33,19.43,300.07,303.63,"ascent",3.2,135,-2.272,2.272
20230309,"09",2023-03-08 23:34:46,1678318486,-23.5044173750996,152.09340943742,91.74,26.64,87,1001.03,24.3,300.14,34.84,30.31,19.42,300.05,303.61,"ascent",3.2,135,-2.27,2.27
20230309,"09",2023-03-08 23:34:47,1678318487,-23.5044174745306,152.093409585655,94.74,26.59,87,1000.75,24.25,300.09,34.74,30.23,19.37,300.03,303.57,"ascent",3.2,135,-2.268,2.268
20230309,"09",2023-03-08 23:34:48,1678318488,-23.5044174652281,152.093409584922,97.65,26.58,86.8,1000.37,24.2,300.08,34.72,30.14,19.32,300.05,303.58,"ascent",3.2,135,-2.265,2.265
20230309,"09",2023-03-08 23:34:49,1678318489,-23.5044175292193,152.093409647281,100.65,26.51,86.7,1000.08,24.11,300.01,34.58,29.98,19.22,300,303.52,"ascent",3.2,135,-2.263,2.263
20230309,"09",2023-03-08 23:34:50,1678318490,-23.5044176290367,152.093409840495,103.8,26.39,86.2,999.73,23.9,299.89,34.33,29.6,18.97,299.91,303.38,"ascent",3.2,135,-2.252,2.252
20230309,"09",2023-03-08 23:34:51,1678318491,-23.5044179059468,152.093409936772,106.8,26.34,86.4,999.38,23.89,299.84,34.23,29.58,18.97,299.89,303.36,"ascent",3.2,135,-2.242,2.242
20230309,"09",2023-03-08 23:34:52,1678318492,-23.5044180975807,152.093409993156,109.65,26.27,86.8,999.02,23.89,299.77,34.09,29.59,18.99,299.85,303.33,"ascent",3.2,135,-2.231,2.231
20230309,"09",2023-03-08 23:34:53,1678318493,-23.5044180953784,152.093410231313,112.5,26.32,86.3,998.71,23.85,299.82,34.19,29.51,18.94,299.93,303.4,"ascent",3.1,135,-2.22,2.22
20230309,"09",2023-03-08 23:34:54,1678318494,-23.5044179724261,152.093410039192,115.5,26.25,86.3,998.38,23.78,299.75,34.05,29.39,18.86,299.89,303.34,"ascent",3.1,135,-2.209,2.209
20230309,"09",2023-03-08 23:34:55,1678318495,-23.5044181221869,152.093409419671,118.61,26.24,86.6,997.99,23.83,299.74,34.03,29.47,18.93,299.91,303.37,"ascent",3.1,135,-2.199,2.199
20230309,"09",2023-03-08 23:34:56,1678318496,-23.5044180687959,152.093409661088,121.55,26.04,84.7,997.71,23.26,299.54,33.63,28.49,18.28,299.74,303.08,"ascent",3.1,135,-2.188,2.188
20230309,"09",2023-03-08 23:34:57,1678318497,-23.5044181266305,152.093409670736,124.4,26.02,84.3,997.39,23.16,299.52,33.59,28.32,18.18,299.74,303.07,"ascent",3.1,135,-2.177,2.177
20230309,"09",2023-03-08 23:34:58,1678318498,-23.5044182271855,152.093409982048,127.4,26.04,84.8,997.03,23.28,299.54,33.63,28.52,18.32,299.79,303.14,"ascent",3.1,135,-2.166,2.166
20230309,"09",2023-03-08 23:34:59,1678318499,-23.5044183711571,152.09341033367,130.55,26.04,85,996.7,23.32,299.54,33.63,28.59,18.37,299.82,303.18,"ascent",3,135,-2.156,2.156
20230309,"09",2023-03-08 23:35:00,1678318500,-23.5044182784226,152.093410768511,133.7,26.07,85.1,996.33,23.37,299.57,33.69,28.67,18.43,299.88,303.26,"ascent",3,135,-2.145,2.145
20230309,"09",2023-03-08 23:35:01,1678318501,-23.5044185228652,152.093410879709,136.55,26.09,84.7,995.95,23.31,299.59,33.73,28.57,18.37,299.94,303.3,"ascent",3,135,-2.134,2.134
20230309,"09",2023-03-08 23:35:02,1678318502,-23.5044186283913,152.093410576839,139.4,26,85,995.67,23.28,299.5,33.55,28.52,18.34,299.87,303.23,"ascent",3,135,-2.124,2.124
20230309,"09",2023-03-08 23:35:03,1678318503,-23.5044186453881,152.093410649873,142.4,26.06,85.4,995.32,23.42,299.56,33.67,28.76,18.5,299.96,303.35,"ascent",3,135,-2.113,2.113
20230309,"09",2023-03-08 23:35:04,1678318504,-23.5044186321894,152.093410883739,145.55,25.92,84.7,994.98,23.14,299.42,33.39,28.28,18.2,299.85,303.18,"ascent",3,135,-2.102,2.102
20230309,"09",2023-03-08 23:35:05,1678318505,-23.504418749178,152.093410715283,148.7,25.89,84.5,994.63,23.08,299.39,33.33,28.17,18.13,299.85,303.17,"ascent",3,135,-2.091,2.091
20230309,"09",2023-03-08 23:35:06,1678318506,-23.5044188263701,152.093410708062,151.55,25.91,84.6,994.33,23.12,299.41,33.37,28.23,18.18,299.9,303.22,"ascent",2.9,135,-2.081,2.081
20230309,"09",2023-03-08 23:35:07,1678318507,-23.5044188726238,152.093410804415,154.4,25.86,84.4,993.97,23.03,299.36,33.28,28.08,18.08,299.88,303.19,"ascent",2.9,135,-2.07,2.07
20230309,"09",2023-03-08 23:35:08,1678318508,-23.5044189916759,152.093410830553,157.55,25.77,83.5,993.64,22.76,299.27,33.1,27.64,17.79,299.82,303.07,"ascent",2.9,135,-2.059,2.059
20230309,"09",2023-03-08 23:35:09,1678318509,-23.5044190634673,152.09341094972,160.7,25.79,83.4,993.31,22.76,299.29,33.14,27.64,17.8,299.86,303.12,"ascent",2.9,135,-2.048,2.048
20230309,"09",2023-03-08 23:35:10,1678318510,-23.5044191320986,152.093411001365,163.55,25.79,83.4,992.96,22.76,299.29,33.14,27.64,17.81,299.89,303.15,"ascent",2.9,135,-2.038,2.038
20230309,"09",2023-03-08 23:35:11,1678318511,-23.5044191420636,152.093411108149,166.4,25.77,83.7,992.65,22.8,299.27,33.1,27.7,17.86,299.9,303.17,"ascent",2.9,135,-2.027,2.027
20230309,"09",2023-03-08 23:35:12,1678318512,-23.504419129893,152.093411246896,169.55,25.82,84,992.32,22.91,299.32,33.2,27.89,17.98,299.98,303.27,"ascent",2.9,135,-2.016,2.016
20230309,"09",2023-03-08 23:35:13,1678318513,-23.504419187996,152.093411360134,172.7,25.76,83.7,991.92,22.79,299.26,33.08,27.69,17.86,299.95,303.22,"ascent",2.8,135,-2.006,2.006
20230309,"09",2023-03-08 23:35:14,1678318514,-23.5044192470323,152.093411408205,175.7,25.72,83.7,991.62,22.75,299.22,33,27.62,17.82,299.94,303.2,"ascent",2.8,135,-1.995,1.995
20230309,"09",2023-03-08 23:35:15,1678318515,-23.5044192241034,152.093411454723,178.55,25.73,83.9,991.28,22.8,299.23,33.02,27.7,17.88,299.98,303.25,"ascent",2.8,135,-1.984,1.984
20230309,"09",2023-03-08 23:35:16,1678318516,-23.5044193550988,152.093411547157,181.4,25.77,84.2,991.02,22.9,299.27,33.1,27.87,18,300.04,303.34,"ascent",2.8,135,-1.973,1.973
20230309,"09",2023-03-08 23:35:17,1678318517,-23.5044193427014,152.09341177756,184.55,25.81,85.3,990.65,23.15,299.31,33.18,28.3,18.29,300.11,303.46,"ascent",2.8,135,-1.963,1.963
20230309,"09",2023-03-08 23:35:18,1678318518,-23.5044193988655,152.093411914418,187.66,25.86,86.1,990.31,23.36,299.36,33.28,28.65,18.53,300.19,303.59,"ascent",2.8,135,-1.952,1.952
20230309,"09",2023-03-08 23:35:19,1678318519,-23.5044194192159,152.093412037909,190.48,25.82,86.4,989.96,23.38,299.32,33.2,28.68,18.56,300.18,303.58,"ascent",2.7,135,-1.941,1.941
20230309,"09",2023-03-08 23:35:20,1678318520,-23.5044194246348,152.093412124833,193.3,25.79,86.5,989.59,23.37,299.29,33.14,28.66,18.55,300.19,303.58,"ascent",2.7,135,-1.93,1.93
20230309,"09",2023-03-08 23:35:21,1678318521,-23.5044194868001,152.093412291768,196.45,25.77,86.7,989.3,23.38,299.27,33.1,28.7,18.58,300.19,303.59,"ascent",2.7,135,-1.92,1.92
20230309,"09",2023-03-08 23:35:22,1678318522,-23.5044195346751,152.093412331707,199.6,25.69,86.8,988.97,23.32,299.19,32.94,28.59,18.52,300.14,303.53,"ascent",2.7,135,-1.909,1.909
20230309,"09",2023-03-08 23:35:23,1678318523,-23.5044195515043,152.093412285323,202.45,25.68,87,988.65,23.35,299.18,32.92,28.64,18.56,300.16,303.56,"ascent",2.7,135,-1.909,1.909
20230309,"09",2023-03-08 23:35:24,1678318524,-23.5044196261697,152.093412444621,205.3,25.69,87.2,988.33,23.4,299.19,32.94,28.73,18.62,300.2,303.6,"ascent",2.7,135,-1.909,1.909
20230309,"09",2023-03-08 23:35:25,1678318525,-23.5044197113592,152.093412519881,208.3,25.61,87.2,987.99,23.32,299.11,32.79,28.59,18.53,300.14,303.54,"ascent",2.7,135,-1.909,1.909
20230309,"09",2023-03-08 23:35:26,1678318526,-23.5044198625356,152.093412533768,211.45,25.59,87.3,987.66,23.32,299.09,32.75,28.59,18.54,300.15,303.55,"ascent",2.7,135,-1.909,1.909
20230309,"09",2023-03-08 23:35:27,1678318527,-23.5044199480939,152.093412661345,214.6,25.59,87.5,987.33,23.36,299.09,32.75,28.65,18.59,300.18,303.59,"ascent",2.7,135,-1.909,1.909
20230309,"09",2023-03-08 23:35:28,1678318528,-23.5044199362312,152.093412637985,217.45,25.53,87.6,986.97,23.32,299.03,32.63,28.58,18.55,300.15,303.55,"ascent",2.7,135,-1.909,1.909
20230309,"09",2023-03-08 23:35:29,1678318529,-23.5044200052798,152.093412777307,220.3,25.5,87.7,986.66,23.31,299,32.57,28.57,18.54,300.15,303.54,"ascent",2.7,135,-1.909,1.909
20230309,"09",2023-03-08 23:35:30,1678318530,-23.504420024279,152.093412843562,223.45,25.48,87.8,986.28,23.31,298.98,32.53,28.56,18.55,300.16,303.56,"ascent",2.7,135,-1.909,1.909
20230309,"09",2023-03-08 23:35:31,1678318531,-23.504420129781,152.093412898382,226.6,25.46,87.9,986,23.31,298.96,32.49,28.56,18.56,300.17,303.56,"ascent",2.7,135,-1.909,1.909
20230309,"09",2023-03-08 23:35:32,1678318532,-23.5044201566058,152.093413060369,229.6,25.42,87.9,985.69,23.27,298.92,32.42,28.5,18.52,300.15,303.54,"ascent",2.7,135,-1.909,1.909
20230309,"09",2023-03-08 23:35:33,1678318533,-23.5044202412134,152.093413071131,232.4,25.37,87.9,985.32,23.22,298.87,32.32,28.41,18.47,300.14,303.52,"ascent",2.7,135,-1.909,1.909
20230309,"09",2023-03-08 23:35:34,1678318534,-23.5044203230681,152.093413191689,235.43,25.38,87.9,984.99,23.23,298.88,32.34,28.43,18.48,300.17,303.56,"ascent",2.7,135,-1.909,1.909
20230309,"09",2023-03-08 23:35:35,1678318535,-23.5044203488199,152.093413333101,238.6,25.35,88.1,984.62,23.24,298.85,32.28,28.44,18.5,300.18,303.56,"ascent",2.7,135,-1.909,1.909
20230309,"09",2023-03-08 23:35:36,1678318536,-23.50442045017,152.093413370888,241.59,25.36,88.1,984.28,23.25,298.86,32.3,28.46,18.52,300.22,303.61,"ascent",2.7,135,-1.909,1.909
20230309,"09",2023-03-08 23:35:37,1678318537,-23.504420547749,152.093413441796,244.39,25.33,88.3,983.94,23.25,298.83,32.24,28.47,18.53,300.22,303.61,"ascent",2.7,135,-1.909,1.909
20230309,"09",2023-03-08 23:35:38,1678318538,-23.5044205147165,152.093413420484,247.2,25.32,88.4,983.58,23.26,298.82,32.23,28.49,18.55,300.24,303.63,"ascent",2.7,135,-1.909,1.909
20230309,"09",2023-03-08 23:35:39,1678318539,-23.5044205135838,152.093413439546,250.35,25.32,88.5,983.25,23.28,298.82,32.23,28.52,18.58,300.27,303.67,"ascent",2.7,135,-1.909,1.909
20230309,"09",2023-03-08 23:35:40,1678318540,-23.504420549601,152.093413549735,253.5,25.25,88.5,982.93,23.21,298.75,32.09,28.4,18.51,300.22,303.61,"ascent",2.7,135,-1.909,1.909
20230309,"09",2023-03-08 23:35:41,1678318541,-23.5044206230572,152.093413596894,256.5,25.21,88.7,982.65,23.21,298.71,32.02,28.4,18.51,300.21,303.6,"ascent",2.7,135,-1.909,1.909
20230309,"09",2023-03-08 23:35:42,1678318542,-23.5044207312409,152.093413687184,259.35,25.21,88.8,982.32,23.23,298.71,32.02,28.43,18.54,300.24,303.63,"ascent",2.7,135,-1.909,1.909
20230309,"09",2023-03-08 23:35:43,1678318543,-23.5044207960241,152.09341376604,262.35,25.22,88.9,982.01,23.26,298.72,32.03,28.48,18.58,300.27,303.68,"ascent",2.7,135,-1.909,1.909
20230309,"09",2023-03-08 23:35:44,1678318544,-23.5044208113511,152.093413856772,265.5,25.17,89,981.62,23.23,298.67,31.94,28.43,18.55,300.26,303.65,"ascent",2.7,135,-1.909,1.909
20230309,"09",2023-03-08 23:35:45,1678318545,-23.5044208497446,152.093413914634,268.5,25.16,89.1,981.27,23.24,298.66,31.92,28.44,18.57,300.28,303.68,"ascent",2.7,135,-1.909,1.909
20230309,"09",2023-03-08 23:35:46,1678318546,-23.5044209348792,152.093413986621,271.46,25.14,89.3,980.96,23.25,298.64,31.88,28.47,18.59,300.28,303.69,"ascent",2.7,135,-1.909,1.909
20230309,"09",2023-03-08 23:35:47,1678318547,-23.5044210798573,152.093414089538,274.29,25.11,89.6,980.61,23.28,298.61,31.83,28.52,18.63,300.29,303.7,"ascent",2.7,135,-1.909,1.909
20230309,"09",2023-03-08 23:35:48,1678318548,-23.5044211866643,152.093414244495,277.15,25.09,89.7,980.33,23.28,298.59,31.79,28.51,18.63,300.29,303.7,"ascent",2.7,135,-1.909,1.909
20230309,"09",2023-03-08 23:35:49,1678318549,-23.5044212137033,152.093414448829,280.3,25.12,89.8,980.04,23.33,298.62,31.84,28.6,18.69,300.35,303.77,"ascent",2.7,135,-1.909,1.909
20230309,"09",2023-03-08 23:35:50,1678318550,-23.5044212991582,152.09341457077,283.41,25.04,89.8,979.65,23.25,298.54,31.69,28.46,18.61,300.3,303.71,"ascent",2.7,135,-1.909,1.909
20230309,"09",2023-03-08 23:35:51,1678318551,-23.5044213127967,152.093414656598,286.4,25.01,89.8,979.26,23.22,298.51,31.64,28.41,18.58,300.3,303.71,"ascent",2.7,135,-1.909,1.909
20230309,"09",2023-03-08 23:35:52,1678318552,-23.5044214007245,152.093414516306,289.25,24.98,89.8,978.91,23.19,298.48,31.58,28.36,18.56,300.3,303.7,"ascent",2.7,135,-1.909,1.909
20230309,"09",2023-03-08 23:35:53,1678318553,-23.5044214457278,152.093414626091,292.1,24.97,90,978.63,23.21,298.47,31.56,28.4,18.59,300.32,303.72,"ascent",2.7,135,-1.909,1.909
20230309,"09",2023-03-08 23:35:54,1678318554,-23.5044215147105,152.09341475119,295.25,24.93,90.1,978.32,23.19,298.43,31.49,28.37,18.57,300.3,303.71,"ascent",2.7,135,-1.909,1.909
20230309,"09",2023-03-08 23:35:55,1678318555,-23.5044215008713,152.093414837149,298.4,24.9,90.2,978,23.18,298.4,31.43,28.35,18.57,300.3,303.7,"ascent",2.7,135,-1.909,1.909
20230309,"09",2023-03-08 23:35:56,1678318556,-23.5044214848249,152.09341503932,301.25,24.93,90.4,977.61,23.25,298.43,31.49,28.46,18.65,300.37,303.78,"ascent",2.7,135,-1.909,1.909
20230309,"09",2023-03-08 23:35:57,1678318557,-23.5044216169976,152.093414982917,304.1,24.85,90.5,977.33,23.19,298.35,31.34,28.36,18.59,300.31,303.72,"ascent",2.7,135.9,-1.834,1.893
20230309,"09",2023-03-08 23:35:58,1678318558,-23.5044216847516,152.093415112737,307.1,24.88,90.6,976.98,23.24,298.38,31.39,28.44,18.65,300.37,303.79,"ascent",2.6,136.9,-1.759,1.877
20230309,"09",2023-03-08 23:35:59,1678318559,-23.5044218020604,152.093415262341,310.25,24.84,90.6,976.67,23.2,298.34,31.32,28.37,18.61,300.36,303.77,"ascent",2.6,137.9,-1.683,1.861
20230309,"09",2023-03-08 23:36:00,1678318560,-23.5044219022812,152.093415374094,313.19,24.84,90.7,976.32,23.21,298.34,31.32,28.4,18.64,300.39,303.8,"ascent",2.6,138.9,-1.608,1.846
20230309,"09",2023-03-08 23:36:01,1678318561,-23.5044218963476,152.093415468966,316.03,24.76,90.3,976,23.06,298.26,31.17,28.14,18.47,300.34,303.72,"ascent",2.5,140,-1.533,1.83
20230309,"09",2023-03-08 23:36:02,1678318562,-23.5044219768355,152.093415467262,319,24.76,90.3,975.68,23.06,298.26,31.17,28.14,18.47,300.37,303.75,"ascent",2.5,141.2,-1.458,1.814
20230309,"09",2023-03-08 23:36:03,1678318563,-23.5044220733108,152.093415529249,322.15,24.71,90,975.29,22.96,298.21,31.07,27.97,18.36,300.35,303.71,"ascent",2.4,142.5,-1.382,1.798
20230309,"09",2023-03-08 23:36:04,1678318564,-23.5044221566173,152.093415516858,325.3,24.62,89.4,974.98,22.76,298.12,30.91,27.63,18.14,300.29,303.61,"ascent",2.4,143.7,-1.307,1.782
20230309,"09",2023-03-08 23:36:05,1678318565,-23.5044222781594,152.093415556587,328.15,24.68,89.4,974.65,22.82,298.18,31.02,27.73,18.21,300.38,303.71,"ascent",2.4,145.1,-1.232,1.766
20230309,"09",2023-03-08 23:36:06,1678318566,-23.5044223536564,152.093415634749,331,24.65,89.5,974.31,22.81,298.15,30.96,27.71,18.21,300.38,303.71,"ascent",2.3,146.5,-1.157,1.751
20230309,"09",2023-03-08 23:36:07,1678318567,-23.5044223819676,152.093415923813,333.91,24.62,89,973.97,22.69,298.12,30.91,27.51,18.08,300.38,303.69,"ascent",2.3,148.1,-1.081,1.735
20230309,"09",2023-03-08 23:36:08,1678318568,-23.5044223661062,152.093416171693,337.15,24.49,88.1,973.7,22.39,297.99,30.67,27.02,17.75,300.27,303.52,"ascent",2.3,149.7,-1.006,1.719
20230309,"09",2023-03-08 23:36:09,1678318569,-23.504422340222,152.093416223395,340.12,24.44,87.8,973.34,22.28,297.94,30.58,26.85,17.64,300.25,303.48,"ascent",2.2,151.3,-0.931,1.703
20230309,"09",2023-03-08 23:36:10,1678318570,-23.5044222715237,152.093416285907,342.96,24.49,87.4,973.02,22.26,297.99,30.67,26.8,17.62,300.33,303.56,"ascent",2.2,153.1,-0.856,1.687
20230309,"09",2023-03-08 23:36:11,1678318571,-23.5044224115824,152.093416372737,345.95,24.46,86.7,972.66,22.1,297.96,30.61,26.54,17.45,300.33,303.53,"ascent",2.2,155,-0.78,1.671
20230309,"09",2023-03-08 23:36:12,1678318572,-23.5044224948529,152.093416399249,349.1,24.46,86.4,972.32,22.04,297.96,30.61,26.45,17.39,300.36,303.55,"ascent",2.1,156.9,-0.705,1.655
20230309,"09",2023-03-08 23:36:13,1678318573,-23.5044226801176,152.093416477415,352.22,24.47,86.2,972,22.01,297.97,30.63,26.4,17.37,300.4,303.58,"ascent",2.1,159,-0.63,1.64
20230309,"09",2023-03-08 23:36:14,1678318574,-23.5044228139076,152.093416581155,355.06,24.3,84.3,971.66,21.48,297.8,30.32,25.56,16.8,300.26,303.33,"ascent",2,161.1,-0.555,1.624
20230309,"09",2023-03-08 23:36:15,1678318575,-23.5044229653616,152.093416747053,357.9,24.26,83.4,971.36,21.27,297.76,30.25,25.23,16.58,300.24,303.28,"ascent",2,163.4,-0.479,1.608
20230309,"09",2023-03-08 23:36:16,1678318576,-23.5044230131918,152.093416743286,361.05,24.35,82.9,971.01,21.26,297.85,30.41,25.21,16.58,300.36,303.4,"ascent",2,165.8,-0.404,1.592
20230309,"09",2023-03-08 23:36:17,1678318577,-23.504423085038,152.093416748009,364.2,24.32,82.3,970.71,21.11,297.82,30.36,24.98,16.43,300.36,303.37,"ascent",1.9,168.2,-0.329,1.576
20230309,"09",2023-03-08 23:36:18,1678318578,-23.5044230871351,152.093416769086,367.2,24.33,82.3,970.36,21.12,297.83,30.38,25,16.45,300.4,303.42,"ascent",1.9,170.8,-0.254,1.56
20230309,"09",2023-03-08 23:36:19,1678318579,-23.5044231772363,152.093416902344,370.05,24.35,81.8,970.04,21.04,297.85,30.41,24.88,16.37,300.45,303.45,"ascent",1.9,173.4,-0.178,1.544
20230309,"09",2023-03-08 23:36:20,1678318580,-23.504423178798,152.093416959984,373.05,24.35,81.1,969.7,20.9,297.85,30.41,24.66,16.23,300.48,303.46,"ascent",1.8,176.1,-0.103,1.529
20230309,"09",2023-03-08 23:36:21,1678318581,-23.5044231969698,152.093416977125,376.2,24.38,80.9,969.37,20.89,297.88,30.47,24.65,16.23,300.54,303.51,"ascent",1.8,178.9,-0.028,1.513
20230309,"09",2023-03-08 23:36:22,1678318582,-23.504423402987,152.093416960234,379.2,24.36,79.9,969.03,20.67,297.86,30.43,24.31,16.01,300.55,303.48,"ascent",1.8,181.8,0.047,1.497
20230309,"09",2023-03-08 23:36:23,1678318583,-23.5044234901076,152.093417106776,381.99,24.2,78.5,968.73,20.22,297.7,30.14,23.66,15.57,300.41,303.27,"ascent",1.7,184.7,0.123,1.481
20230309,"09",2023-03-08 23:36:24,1678318584,-23.5044235021851,152.093417203938,384.85,24.32,78.9,968.42,20.42,297.82,30.36,23.95,15.77,300.56,303.46,"ascent",1.7,187.7,0.198,1.465
20230309,"09",2023-03-08 23:36:25,1678318585,-23.5044235563779,152.093417192894,388,24.41,79.2,968.04,20.57,297.91,30.52,24.17,15.93,300.69,303.61,"ascent",1.6,190.7,0.273,1.449
20230309,"09",2023-03-08 23:36:26,1678318586,-23.5044235496664,152.093417328481,391.15,24.4,79.1,967.71,20.54,297.9,30.5,24.13,15.9,300.71,303.62,"ascent",1.6,193.6,0.348,1.434
20230309,"09",2023-03-08 23:36:27,1678318587,-23.5044235317467,152.09341738867,393.95,24.4,78.9,967.39,20.5,297.9,30.5,24.07,15.87,300.74,303.65,"ascent",1.6,196.6,0.424,1.418
20230309,"09",2023-03-08 23:36:28,1678318588,-23.5044235261313,152.093417355207,396.8,24.37,78.8,967.12,20.45,297.87,30.45,23.99,15.82,300.73,303.63,"ascent",1.5,199.6,0.499,1.402
20230309,"09",2023-03-08 23:36:29,1678318589,-23.5044234385843,152.093417440221,399.95,24.35,78.7,966.74,20.41,297.85,30.41,23.93,15.79,300.74,303.64,"ascent",1.5,202.5,0.574,1.386
20230309,"09",2023-03-08 23:36:30,1678318590,-23.5044234367064,152.09341760516,403.1,24.33,78.7,966.45,20.39,297.83,30.38,23.91,15.78,300.75,303.64,"ascent",1.5,203.1,0.576,1.352
20230309,"09",2023-03-08 23:36:31,1678318591,-23.5044234711112,152.093417806876,406.1,24.35,78.7,966.08,20.41,297.85,30.41,23.93,15.8,300.8,303.7,"ascent",1.5,203.7,0.578,1.318
20230309,"09",2023-03-08 23:36:32,1678318592,-23.5044234560075,152.093417940383,408.95,24.35,78.8,965.76,20.43,297.85,30.41,23.97,15.83,300.83,303.73,"ascent",1.4,204.3,0.581,1.284
20230309,"09",2023-03-08 23:36:33,1678318593,-23.504423563579,152.093417894454,411.8,24.33,78.7,965.39,20.39,297.83,30.38,23.91,15.79,300.84,303.74,"ascent",1.4,205,0.583,1.25
20230309,"09",2023-03-08 23:36:34,1678318594,-23.5044234775124,152.093417907466,414.95,24.3,78.8,965.07,20.38,297.8,30.32,23.89,15.79,300.84,303.74,"ascent",1.4,205.7,0.585,1.217
20230309,"09",2023-03-08 23:36:35,1678318595,-23.5044234567325,152.093417919147,418.05,24.32,79,964.81,20.44,297.82,30.36,23.98,15.85,300.88,303.79,"ascent",1.4,206.4,0.587,1.183
20230309,"09",2023-03-08 23:36:36,1678318596,-23.5044234836805,152.093417852631,421.05,24.29,79,964.41,20.41,297.79,30.3,23.94,15.83,300.89,303.8,"ascent",1.3,207.1,0.589,1.149
20230309,"09",2023-03-08 23:36:37,1678318597,-23.5044235756397,152.093417882171,423.89,24.27,79.1,964.12,20.42,297.77,30.27,23.94,15.84,300.89,303.8,"ascent",1.3,208,0.592,1.115
20230309,"09",2023-03-08 23:36:38,1678318598,-23.5044237787114,152.093418112702,426.75,24.29,79.6,963.78,20.54,297.79,30.3,24.12,15.97,300.95,303.88,"ascent",1.3,208.8,0.594,1.081
20230309,"09",2023-03-08 23:36:39,1678318599,-23.5044239868918,152.09341824831,429.9,24.33,80,963.47,20.66,297.83,30.38,24.3,16.09,301.01,303.97,"ascent",1.3,209.7,0.596,1.047
20230309,"09",2023-03-08 23:36:40,1678318600,-23.5044240729747,152.093418348888,433.04,24.29,80.3,963.14,20.68,297.79,30.3,24.33,16.12,301,303.96,"ascent",1.2,210.6,0.598,1.013
20230309,"09",2023-03-08 23:36:41,1678318601,-23.5044240449986,152.093418406003,436,24.29,80.8,962.8,20.78,297.79,30.3,24.49,16.23,301.03,304.01,"ascent",1.2,211.5,0.601,0.979
20230309,"09",2023-03-08 23:36:42,1678318602,-23.5044240472085,152.093418459344,438.85,24.32,81,962.5,20.85,297.82,30.36,24.59,16.31,301.09,304.09,"ascent",1.2,212.5,0.603,0.946
20230309,"09",2023-03-08 23:36:43,1678318603,-23.5044240374597,152.093418557824,441.7,24.29,81.3,962.13,20.88,297.79,30.3,24.64,16.34,301.09,304.09,"ascent",1.2,213.6,0.605,0.912
20230309,"09",2023-03-08 23:36:44,1678318604,-23.5044241296198,152.093418693542,444.85,24.27,81.3,961.8,20.86,297.77,30.27,24.61,16.33,301.1,304.1,"ascent",1.1,214.7,0.607,0.878
20230309,"09",2023-03-08 23:36:45,1678318605,-23.504424136315,152.093418689183,448,24.19,80.6,961.5,20.64,297.69,30.12,24.28,16.11,301.05,304.01,"ascent",1.1,215.8,0.609,0.844
20230309,"09",2023-03-08 23:36:46,1678318606,-23.504424139029,152.093418683324,451,24.02,79.5,961.22,20.25,297.52,29.82,23.7,15.73,300.9,303.79,"ascent",1.1,217.1,0.612,0.81
20230309,"09",2023-03-08 23:36:47,1678318607,-23.5044242389855,152.093418744276,453.85,24.01,78.8,960.85,20.1,297.51,29.8,23.48,15.58,300.92,303.78,"ascent",1.1,218.4,0.614,0.776
20230309,"09",2023-03-08 23:36:48,1678318608,-23.5044242922728,152.093418810432,456.82,23.99,78.7,960.51,20.06,297.49,29.76,23.42,15.55,300.93,303.79,"ascent",1,219.7,0.616,0.742
20230309,"09",2023-03-08 23:36:49,1678318609,-23.5044243253766,152.093418939748,459.95,23.99,78.7,960.2,20.06,297.49,29.76,23.42,15.55,300.96,303.82,"ascent",1,221.1,0.618,0.708
20230309,"09",2023-03-08 23:36:50,1678318610,-23.5044242641745,152.093419152556,462.95,23.96,78.3,959.87,19.95,297.46,29.71,23.26,15.45,300.96,303.8,"ascent",1,222.6,0.62,0.675
20230309,"09",2023-03-08 23:36:51,1678318611,-23.5044243363209,152.093419298846,465.79,23.95,78.1,959.55,19.9,297.45,29.69,23.19,15.4,300.98,303.81,"ascent",1,224.2,0.623,0.641
20230309,"09",2023-03-08 23:36:52,1678318612,-23.504424283114,152.093419409365,468.8,24.02,78.4,959.22,20.03,297.52,29.82,23.38,15.54,301.08,303.93,"ascent",0.9,225.8,0.625,0.607
20230309,"09",2023-03-08 23:36:53,1678318613,-23.5044242107581,152.093419502716,471.95,24.06,78.5,958.88,20.09,297.56,29.89,23.46,15.6,301.15,304.02,"ascent",0.9,227.6,0.627,0.573
20230309,"09",2023-03-08 23:36:54,1678318614,-23.5044241943645,152.093419617155,474.95,24.04,78.6,958.55,20.09,297.54,29.85,23.46,15.61,301.16,304.03,"ascent",0.9,229.4,0.629,0.539
20230309,"09",2023-03-08 23:36:55,1678318615,-23.5044242309288,152.093419694921,477.79,24.05,78.5,958.26,20.08,297.55,29.87,23.45,15.6,301.2,304.06,"ascent",0.9,231.4,0.632,0.505
20230309,"09",2023-03-08 23:36:56,1678318616,-23.5044244084962,152.093419693387,480.65,24.02,78.7,957.95,20.09,297.52,29.82,23.47,15.62,301.19,304.06,"ascent",0.8,233.4,0.634,0.471
20230309,"09",2023-03-08 23:36:57,1678318617,-23.504424598764,152.093419697617,483.65,24.04,78.7,957.53,20.11,297.54,29.85,23.49,15.64,301.25,304.13,"ascent",0.8,235.5,0.636,0.437
20230309,"09",2023-03-08 23:36:58,1678318618,-23.5044246942636,152.093419790894,486.77,24.02,78.7,957.27,20.09,297.52,29.82,23.47,15.63,301.26,304.13,"ascent",0.8,237.7,0.638,0.404
20230309,"09",2023-03-08 23:36:59,1678318619,-23.504424658609,152.093419910111,489.92,23.96,78.7,956.96,20.03,297.46,29.71,23.38,15.58,301.22,304.08,"ascent",0.8,240,0.64,0.37
20230309,"09",2023-03-08 23:37:00,1678318620,-23.5044246643158,152.093419984571,492.79,23.99,78.9,956.6,20.1,297.49,29.76,23.48,15.65,301.29,304.16,"ascent",0.7,242.4,0.643,0.336
20230309,"09",2023-03-08 23:37:01,1678318621,-23.5044247389611,152.09342001887,495.59,23.98,79,956.27,20.11,297.48,29.74,23.5,15.67,301.3,304.18,"ascent",0.7,244.9,0.645,0.302
20230309,"09",2023-03-08 23:37:02,1678318622,-23.5044247716101,152.093420090094,498.56,23.98,79,955.89,20.11,297.48,29.74,23.5,15.68,301.34,304.22,"ascent",0.7,247.5,0.647,0.268
20230309,"09",2023-03-08 23:37:03,1678318623,-23.5044248441753,152.09342018386,501.68,23.95,79.1,955.6,20.1,297.45,29.69,23.49,15.67,301.33,304.22,"ascent",0.7,246.6,0.634,0.274
20230309,"09",2023-03-08 23:37:04,1678318624,-23.5044249515092,152.09342020978,504.68,23.9,79.1,955.28,20.06,297.4,29.6,23.42,15.63,301.31,304.19,"ascent",0.7,245.8,0.62,0.279
20230309,"09",2023-03-08 23:37:05,1678318625,-23.5044250989348,152.093420263365,507.62,23.87,79.3,954.93,20.07,297.37,29.55,23.43,15.65,301.31,304.19,"ascent",0.7,244.8,0.607,0.285
20230309,"09",2023-03-08 23:37:06,1678318626,-23.5044252272442,152.093420310714,510.8,23.83,79.4,954.61,20.05,297.33,29.48,23.41,15.63,301.3,304.18,"ascent",0.7,243.9,0.593,0.291
20230309,"09",2023-03-08 23:37:07,1678318627,-23.5044252158698,152.093420416622,513.95,23.81,79.6,954.29,20.07,297.31,29.44,23.44,15.66,301.31,304.19,"ascent",0.7,242.9,0.58,0.297
20230309,"09",2023-03-08 23:37:08,1678318628,-23.5044252055621,152.093420542113,516.77,23.79,79.8,953.96,20.09,297.29,29.41,23.47,15.69,301.32,304.2,"ascent",0.7,242,0.567,0.302
20230309,"09",2023-03-08 23:37:09,1678318629,-23.5044252109764,152.093420642614,519.6,23.75,79.8,953.61,20.05,297.25,29.34,23.41,15.65,301.31,304.19,"ascent",0.7,240.9,0.553,0.308
20230309,"09",2023-03-08 23:37:10,1678318630,-23.50442520463,152.09342061384,522.6,23.76,79.9,953.3,20.08,297.26,29.35,23.45,15.69,301.35,304.23,"ascent",0.7,239.8,0.54,0.314
20230309,"09",2023-03-08 23:37:11,1678318631,-23.5044252898854,152.093420729108,525.72,23.73,80,952.99,20.07,297.23,29.3,23.44,15.68,301.35,304.23,"ascent",0.6,238.8,0.526,0.319
20230309,"09",2023-03-08 23:37:12,1678318632,-23.5044253166167,152.09342079179,528.85,23.69,80.2,952.64,20.08,297.19,29.23,23.44,15.69,301.34,304.22,"ascent",0.6,237.6,0.513,0.325
20230309,"09",2023-03-08 23:37:13,1678318633,-23.5044253321544,152.093420888912,531.69,23.67,80.1,952.33,20.04,297.17,29.2,23.39,15.66,301.35,304.22,"ascent",0.6,236.4,0.499,0.331
20230309,"09",2023-03-08 23:37:14,1678318634,-23.5044253269443,152.093421058945,534.7,23.64,80.4,951.98,20.07,297.14,29.14,23.43,15.69,301.35,304.23,"ascent",0.6,235.3,0.486,0.336
20230309,"09",2023-03-08 23:37:15,1678318635,-23.5044254485472,152.093421231396,537.85,23.64,80.3,951.68,20.05,297.14,29.14,23.4,15.68,301.37,304.26,"ascent",0.6,234.1,0.473,0.342
20230309,"09",2023-03-08 23:37:16,1678318636,-23.5044255840827,152.093421356716,540.85,23.57,80.3,951.34,19.98,297.07,29.02,23.3,15.62,301.33,304.21,"ascent",0.6,232.8,0.459,0.348
20230309,"09",2023-03-08 23:37:17,1678318637,-23.5044256181295,152.093421391464,543.69,23.55,80.6,951.01,20.02,297.05,28.99,23.36,15.66,301.34,304.22,"ascent",0.6,231.6,0.446,0.354
20230309,"09",2023-03-08 23:37:18,1678318638,-23.5044256025436,152.093421320948,546.66,23.54,80.9,950.66,20.07,297.04,28.97,23.43,15.72,301.37,304.26,"ascent",0.6,230.3,0.432,0.359
20230309,"09",2023-03-08 23:37:19,1678318639,-23.5044257093515,152.09342132008,549.8,23.52,81,950.36,20.07,297.02,28.93,23.44,15.73,301.37,304.26,"ascent",0.6,228.9,0.419,0.365
20230309,"09",2023-03-08 23:37:20,1678318640,-23.5044257690321,152.093421404817,552.8,23.49,81.2,950.03,20.08,296.99,28.88,23.45,15.74,301.37,304.27,"ascent",0.6,227.6,0.406,0.371
20230309,"09",2023-03-08 23:37:21,1678318641,-23.504425900428,152.093421530989,555.8,23.47,81.4,949.73,20.1,296.97,28.85,23.48,15.77,301.38,304.28,"ascent",0.6,226.2,0.392,0.376
20230309,"09",2023-03-08 23:37:22,1678318642,-23.5044259806509,152.093421602407,558.65,23.46,81.5,949.37,20.11,296.96,28.83,23.5,15.78,301.4,304.3,"ascent",0.6,224.8,0.379,0.382
20230309,"09",2023-03-08 23:37:23,1678318643,-23.5044260052734,152.093421625188,561.5,23.4,81.6,949.05,20.07,296.9,28.72,23.44,15.75,301.37,304.26,"ascent",0.6,223.3,0.365,0.388
20230309,"09",2023-03-08 23:37:24,1678318644,-23.5044261274743,152.093421661996,564.65,23.37,81.7,948.73,20.06,296.87,28.67,23.43,15.75,301.37,304.26,"ascent",0.6,221.8,0.352,0.394
20230309,"09",2023-03-08 23:37:25,1678318645,-23.5044262268207,152.093421780852,567.8,23.34,81.8,948.42,20.05,296.84,28.62,23.41,15.74,301.37,304.26,"ascent",0.6,220.4,0.339,0.399
20230309,"09",2023-03-08 23:37:26,1678318646,-23.5044263090356,152.093421950656,570.78,23.31,81.8,948.05,20.02,296.81,28.57,23.37,15.72,301.37,304.26,"ascent",0.6,218.7,0.325,0.405
20230309,"09",2023-03-08 23:37:27,1678318647,-23.5044263388317,152.093422050367,573.65,23.26,81.3,947.79,19.88,296.76,28.48,23.16,15.58,301.34,304.2,"ascent",0.6,217.2,0.312,0.411
20230309,"09",2023-03-08 23:37:28,1678318648,-23.504426415086,152.093421957712,576.65,23.19,80.9,947.47,19.73,296.69,28.36,22.95,15.44,301.3,304.14,"ascent",0.5,215.6,0.298,0.416
20230309,"09",2023-03-08 23:37:29,1678318649,-23.5044264859116,152.093421991776,579.75,23.21,80.7,947.12,19.71,296.71,28.4,22.92,15.42,301.35,304.19,"ascent",0.5,214,0.285,0.422
20230309,"09",2023-03-08 23:37:30,1678318650,-23.5044264843353,152.093422042508,582.75,23.16,80.6,946.8,19.64,296.66,28.31,22.82,15.36,301.33,304.15,"ascent",0.5,212.3,0.271,0.428
20230309,"09",2023-03-08 23:37:31,1678318651,-23.5044265049918,152.093422115854,585.59,23.18,80.4,946.48,19.62,296.68,28.35,22.79,15.35,301.38,304.2,"ascent",0.5,210.8,0.258,0.433
20230309,"09",2023-03-08 23:37:32,1678318652,-23.5044265883308,152.093422170832,588.45,23.13,80.4,946.14,19.57,296.63,28.26,22.72,15.3,301.36,304.17,"ascent",0.5,209.2,0.245,0.439
20230309,"09",2023-03-08 23:37:33,1678318653,-23.5044267117442,152.09342242209,591.6,23.12,80.5,945.83,19.58,296.62,28.24,22.74,15.32,301.38,304.19,"ascent",0.5,207.4,0.231,0.445
20230309,"09",2023-03-08 23:37:34,1678318654,-23.5044267006602,152.093422439992,594.75,23.13,80.7,945.49,19.63,296.63,28.26,22.81,15.37,301.42,304.25,"ascent",0.5,205.8,0.218,0.451
20230309,"09",2023-03-08 23:37:35,1678318655,-23.5044266849793,152.093422433116,597.75,23.13,80.9,945.13,19.67,296.63,28.26,22.86,15.42,301.45,304.29,"ascent",0.5,204.1,0.204,0.456
20230309,"09",2023-03-08 23:37:36,1678318656,-23.50442669651,152.093422474345,600.59,23.1,80.9,944.8,19.64,296.6,28.21,22.82,15.39,301.45,304.28,"ascent",0.5,202.5,0.191,0.462
20230309,"09",2023-03-08 23:37:37,1678318657,-23.5044268167727,152.093422609482,603.45,23.07,80.3,944.48,19.49,296.57,28.16,22.61,15.25,301.45,304.25,"ascent",0.5,202.5,0.188,0.454
20230309,"09",2023-03-08 23:37:38,1678318658,-23.5044267936875,152.093422663901,606.6,23.04,80.1,944.23,19.42,296.54,28.11,22.51,15.19,301.44,304.24,"ascent",0.5,202.5,0.184,0.445
20230309,"09",2023-03-08 23:37:39,1678318659,-23.5044268987958,152.093422807297,609.75,23.01,80.2,943.86,19.41,296.51,28.06,22.5,15.19,301.45,304.24,"ascent",0.5,202.5,0.181,0.437
20230309,"09",2023-03-08 23:37:40,1678318660,-23.504426888348,152.093422875802,612.59,23.01,80.2,943.55,19.41,296.51,28.06,22.5,15.19,301.47,304.27,"ascent",0.5,202.5,0.177,0.428
20230309,"09",2023-03-08 23:37:41,1678318661,-23.5044269912811,152.093422950295,615.59,23.01,80.1,943.2,19.39,296.51,28.06,22.47,15.18,301.51,304.3,"ascent",0.5,202.5,0.174,0.42
20230309,"09",2023-03-08 23:37:42,1678318662,-23.5044270403898,152.093423059342,618.7,22.98,79.9,942.9,19.32,296.48,28,22.38,15.12,301.5,304.28,"ascent",0.4,202.4,0.17,0.412
20230309,"09",2023-03-08 23:37:43,1678318663,-23.504427096904,152.093423151434,621.7,22.97,79.9,942.56,19.31,296.47,27.99,22.36,15.11,301.52,304.3,"ascent",0.4,202.5,0.167,0.403
20230309,"09",2023-03-08 23:37:44,1678318664,-23.5044270834909,152.093423292804,624.55,22.98,80,942.23,19.34,296.48,28,22.4,15.15,301.56,304.35,"ascent",0.4,202.4,0.163,0.395
20230309,"09",2023-03-08 23:37:45,1678318665,-23.5044271981581,152.093423362344,627.4,22.92,80,941.92,19.29,296.42,27.9,22.32,15.1,301.53,304.31,"ascent",0.4,202.5,0.16,0.386
20230309,"09",2023-03-08 23:37:46,1678318666,-23.504427294464,152.093423443807,630.41,22.9,80.1,941.61,19.29,296.4,27.87,22.32,15.1,301.54,304.32,"ascent",0.4,202.4,0.156,0.378
20230309,"09",2023-03-08 23:37:47,1678318667,-23.5044273616585,152.093423456173,633.55,22.91,80.3,941.26,19.34,296.41,27.89,22.39,15.16,301.58,304.37,"ascent",0.4,202.5,0.153,0.37
20230309,"09",2023-03-08 23:37:48,1678318668,-23.5044273591857,152.093423602168,636.55,22.9,80.5,940.96,19.37,296.4,27.87,22.43,15.19,301.6,304.39,"ascent",0.4,202.6,0.15,0.361
20230309,"09",2023-03-08 23:37:49,1678318669,-23.5044273685233,152.093423692295,639.4,22.94,80.6,940.63,19.43,296.44,27.94,22.52,15.25,301.67,304.48,"ascent",0.4,202.5,0.146,0.353
20230309,"09",2023-03-08 23:37:50,1678318670,-23.5044273671388,152.093423826389,642.4,22.91,80.5,940.34,19.38,296.41,27.89,22.45,15.21,301.67,304.46,"ascent",0.4,202.6,0.143,0.344
20230309,"09",2023-03-08 23:37:51,1678318671,-23.5044274328106,152.09342398382,645.55,22.92,80.6,939.98,19.41,296.42,27.9,22.49,15.25,301.71,304.51,"ascent",0.4,202.5,0.139,0.336
20230309,"09",2023-03-08 23:37:52,1678318672,-23.5044274787281,152.093424078135,648.7,22.88,80.5,939.72,19.35,296.38,27.84,22.41,15.19,301.69,304.49,"ascent",0.4,202.5,0.136,0.328
20230309,"09",2023-03-08 23:37:53,1678318673,-23.5044274697865,152.093424054197,651.55,22.85,79.8,939.33,19.18,296.35,27.78,22.17,15.04,301.7,304.46,"ascent",0.3,202.5,0.132,0.319
20230309,"09",2023-03-08 23:37:54,1678318674,-23.5044274996176,152.093424054458,654.4,22.81,79.6,938.99,19.1,296.31,27.72,22.06,14.97,301.69,304.44,"ascent",0.3,202.5,0.129,0.311
20230309,"09",2023-03-08 23:37:55,1678318675,-23.504427641943,152.093424140293,657.55,22.78,79.5,938.72,19.05,296.28,27.67,22,14.92,301.68,304.43,"ascent",0.3,202.4,0.125,0.303
20230309,"09",2023-03-08 23:37:56,1678318676,-23.5044276763976,152.093424267266,660.7,22.81,79.4,938.37,19.06,296.31,27.72,22.01,14.94,301.74,304.49,"ascent",0.3,202.5,0.122,0.294
20230309,"09",2023-03-08 23:37:57,1678318677,-23.5044277169705,152.093424395994,663.65,22.75,79.3,938.07,18.98,296.25,27.62,21.9,14.87,301.71,304.45,"ascent",0.3,202.4,0.118,0.286
20230309,"09",2023-03-08 23:37:58,1678318678,-23.504427823444,152.093424485499,666.49,22.73,79,937.77,18.9,296.23,27.58,21.79,14.8,301.72,304.44,"ascent",0.3,202.5,0.115,0.277
20230309,"09",2023-03-08 23:37:59,1678318679,-23.5044278876783,152.093424590162,669.35,22.73,78.7,937.41,18.84,296.23,27.58,21.71,14.74,301.75,304.47,"ascent",0.3,202.6,0.112,0.269
20230309,"09",2023-03-08 23:38:00,1678318680,-23.5044279645825,152.093424760411,672.5,22.69,78.7,937.04,18.8,296.19,27.52,21.66,14.71,301.74,304.45,"ascent",0.3,202.5,0.108,0.261
20230309,"09",2023-03-08 23:38:01,1678318681,-23.5044279981299,152.093424858948,675.7,22.67,78.9,936.79,18.82,296.17,27.48,21.68,14.74,301.75,304.46,"ascent",0.3,202.6,0.105,0.252
20230309,"09",2023-03-08 23:38:02,1678318682,-23.5044280560224,152.093424938409,678.55,22.7,79,936.42,18.87,296.2,27.53,21.75,14.79,301.81,304.53,"ascent",0.3,202.5,0.101,0.244
20230309,"09",2023-03-08 23:38:03,1678318683,-23.5044280444872,152.093424968992,681.4,22.67,79,936.18,18.84,296.17,27.48,21.71,14.77,301.8,304.52,"ascent",0.3,202.6,0.098,0.235
20230309,"09",2023-03-08 23:38:04,1678318684,-23.5044280493544,152.093424966524,684.55,22.67,79.2,935.82,18.88,296.17,27.48,21.77,14.81,301.84,304.56,"ascent",0.2,202.5,0.094,0.227
20230309,"09",2023-03-08 23:38:05,1678318685,-23.5044280170045,152.093425031487,687.67,22.7,79.7,935.52,19.01,296.2,27.53,21.94,14.94,301.89,304.65,"ascent",0.2,202.6,0.091,0.219
20230309,"09",2023-03-08 23:38:06,1678318686,-23.5044280379748,152.093425239236,690.49,22.73,80,935.17,19.1,296.23,27.58,22.07,15.03,301.96,304.73,"ascent",0.2,202.5,0.087,0.21
20230309,"09",2023-03-08 23:38:07,1678318687,-23.504428131993,152.093425443157,693.35,22.69,79.9,934.86,19.04,296.19,27.52,21.99,14.98,301.95,304.7,"ascent",0.2,202.6,0.084,0.202
20230309,"09",2023-03-08 23:38:08,1678318688,-23.5044281927677,152.093425564248,696.5,22.67,80,934.54,19.04,296.17,27.48,21.99,14.99,301.95,304.71,"ascent",0.2,202.5,0.08,0.193
20230309,"09",2023-03-08 23:38:09,1678318689,-23.5044282617441,152.093425660449,699.65,22.67,80,934.28,19.04,296.17,27.48,21.99,14.99,301.98,304.74,"ascent",0.2,202.6,0.077,0.185
20230309,"09",2023-03-08 23:38:10,1678318690,-23.5044282543027,152.093425797675,702.49,22.65,80,933.92,19.02,296.15,27.45,21.96,14.98,301.99,304.75,"ascent",0.2,204.5,0.078,0.171
20230309,"09",2023-03-08 23:38:11,1678318691,-23.5044282565354,152.093425765903,705.35,22.57,80,933.62,18.95,296.07,27.32,21.85,14.91,301.94,304.68,"ascent",0.2,206.6,0.079,0.158
20230309,"09",2023-03-08 23:38:12,1678318692,-23.5044283565796,152.093425765971,708.5,22.6,80,933.25,18.97,296.1,27.37,21.89,14.94,302,304.75,"ascent",0.2,209.1,0.08,0.144
20230309,"09",2023-03-08 23:38:13,1678318693,-23.5044284698037,152.093425881508,711.65,22.56,80,932.95,18.94,296.06,27.3,21.84,14.91,301.99,304.74,"ascent",0.2,211.7,0.081,0.131
20230309,"09",2023-03-08 23:38:14,1678318694,-23.5044284923381,152.093425990565,714.65,22.52,80,932.65,18.9,296.02,27.23,21.79,14.88,301.98,304.72,"ascent",0.2,215.4,0.083,0.117
20230309,"09",2023-03-08 23:38:15,1678318695,-23.5044285562846,152.093426092839,717.49,22.53,79.8,932.33,18.87,296.03,27.25,21.75,14.85,302.02,304.75,"ascent",0.2,219.2,0.084,0.103
20230309,"09",2023-03-08 23:38:16,1678318696,-23.5044285788982,152.093426156512,720.35,22.53,79.8,932,18.87,296.03,27.25,21.75,14.86,302.05,304.78,"ascent",0.2,223.4,0.085,0.09
20230309,"09",2023-03-08 23:38:17,1678318697,-23.5044286747953,152.093426178305,723.5,22.48,79.8,931.64,18.82,295.98,27.17,21.68,14.82,302.03,304.76,"ascent",0.2,228.5,0.086,0.076
20230309,"09",2023-03-08 23:38:18,1678318698,-23.5044287701803,152.093426179696,726.65,22.46,79.8,931.34,18.8,295.96,27.13,21.65,14.8,302.04,304.76,"ascent",0.2,234.1,0.087,0.063
20230309,"09",2023-03-08 23:38:19,1678318699,-23.5044288766979,152.093426243312,729.62,22.43,79.7,931.05,18.75,295.93,27.09,21.59,14.76,302.03,304.75,"ascent",0.2,240.9,0.088,0.049
20230309,"09",2023-03-08 23:38:20,1678318700,-23.5044289908899,152.093426189848,732.45,22.44,79.6,930.72,18.74,295.94,27.1,21.57,14.76,302.07,304.79,"ascent",0.2,248,0.089,0.036
20230309,"09",2023-03-08 23:38:21,1678318701,-23.5044290455415,152.093426255449,735.3,22.4,79.6,930.4,18.7,295.9,27.04,21.52,14.73,302.06,304.78,"ascent",0.2,256.3,0.09,0.022
20230309,"09",2023-03-08 23:38:22,1678318702,-23.504429042369,152.093426296499,738.45,22.39,79.7,930.09,18.71,295.89,27.02,21.53,14.74,302.08,304.8,"ascent",0.2,265,0.092,0.008
20230309,"09",2023-03-08 23:38:23,1678318703,-23.5044290381809,152.093426400784,741.6,22.37,79.5,929.73,18.65,295.87,26.99,21.45,14.69,302.09,304.8,"ascent",0.2,273.1,0.093,-0.005
20230309,"09",2023-03-08 23:38:24,1678318704,-23.5044291578268,152.093426512083,744.45,22.34,79.5,929.42,18.62,295.84,26.94,21.42,14.67,302.09,304.8,"ascent",0.2,281.4,0.094,-0.019
20230309,"09",2023-03-08 23:38:25,1678318705,-23.5044292602216,152.093426576059,747.3,22.31,79.5,929.09,18.59,295.81,26.89,21.38,14.65,302.09,304.79,"ascent",0.2,288.6,0.095,-0.032
20230309,"09",2023-03-08 23:38:26,1678318706,-23.5044292267041,152.093426781886,750.45,22.27,79.5,928.79,18.55,295.77,26.82,21.32,14.62,302.08,304.77,"ascent",0.2,295.6,0.096,-0.046
20230309,"09",2023-03-08 23:38:27,1678318707,-23.504429241813,152.093426760556,753.6,22.31,79.5,928.48,18.59,295.81,26.89,21.38,14.66,302.15,304.85,"ascent",0.3,301.7,0.097,-0.06
20230309,"09",2023-03-08 23:38:28,1678318708,-23.5044292337806,152.093426799404,756.6,22.28,79.5,928.17,18.56,295.78,26.84,21.34,14.63,302.15,304.84,"ascent",0.3,306.7,0.098,-0.073
20230309,"09",2023-03-08 23:38:29,1678318709,-23.5044292316469,152.093426859812,759.45,22.25,79.5,927.84,18.53,295.75,26.79,21.3,14.61,302.15,304.84,"ascent",0.3,311.3,0.099,-0.087
20230309,"09",2023-03-08 23:38:30,1678318710,-23.5044292938587,152.093427010493,762.3,22.28,79.5,927.55,18.56,295.78,26.84,21.34,14.64,302.2,304.9,"ascent",0.3,315,0.1,-0.1
20230309,"09",2023-03-08 23:38:31,1678318711,-23.5044294113008,152.093427104857,765.3,22.25,79.5,927.18,18.53,295.75,26.79,21.3,14.62,302.21,304.9,"ascent",0.3,318.2,0.102,-0.114
20230309,"09",2023-03-08 23:38:32,1678318712,-23.5044294946522,152.093427215907,768.45,22.21,79.5,926.91,18.49,295.71,26.73,21.25,14.59,302.19,304.88,"ascent",0.3,321.2,0.103,-0.128
20230309,"09",2023-03-08 23:38:33,1678318713,-23.5044295323479,152.093427233047,771.6,22.2,79.6,926.54,18.51,295.7,26.71,21.26,14.61,302.22,304.91,"ascent",0.3,323.6,0.104,-0.141
20230309,"09",2023-03-08 23:38:34,1678318714,-23.5044296485549,152.093427336206,774.4,22.15,79.6,926.26,18.46,295.65,26.63,21.2,14.57,302.19,304.88,"ascent",0.3,325.9,0.105,-0.155
20230309,"09",2023-03-08 23:38:35,1678318715,-23.5044296332593,152.093427378127,777.25,22.15,79.6,925.91,18.46,295.65,26.63,21.2,14.57,302.22,304.91,"ascent",0.3,327.8,0.106,-0.168
20230309,"09",2023-03-08 23:38:36,1678318716,-23.5044297224761,152.09342739578,780.4,22.14,79.8,925.62,18.49,295.64,26.61,21.24,14.6,302.24,304.93,"ascent",0.3,329.5,0.107,-0.182
20230309,"09",2023-03-08 23:38:37,1678318717,-23.504429776553,152.093427480234,783.58,22.08,79.8,925.27,18.43,295.58,26.51,21.16,14.56,302.21,304.9,"ascent",0.3,331,0.108,-0.195
20230309,"09",2023-03-08 23:38:38,1678318718,-23.5044298369737,152.093427621741,786.6,22.05,79.9,924.96,18.42,295.55,26.47,21.15,14.55,302.21,304.89,"ascent",0.3,332.5,0.109,-0.209
20230309,"09",2023-03-08 23:38:39,1678318719,-23.5044298893728,152.093427706373,789.4,22.02,79.9,924.66,18.39,295.52,26.42,21.11,14.53,302.21,304.89,"ascent",0.3,333.5,0.111,-0.223
20230309,"09",2023-03-08 23:38:40,1678318720,-23.5044300122061,152.09342780969,792.42,22.02,79.9,924.34,18.39,295.52,26.42,21.11,14.53,302.24,304.92,"ascent",0.3,334.6,0.112,-0.236
20230309,"09",2023-03-08 23:38:41,1678318721,-23.5044300240889,152.093427918898,795.55,21.97,80,924.03,18.36,295.47,26.34,21.07,14.51,302.22,304.89,"ascent",0.3,335.7,0.113,-0.25
20230309,"09",2023-03-08 23:38:42,1678318722,-23.5044300609472,152.093427924862,798.55,21.93,80,923.71,18.32,295.43,26.27,21.02,14.48,302.2,304.87,"ascent",0.3,336.6,0.114,-0.263
20230309,"09",2023-03-08 23:38:43,1678318723,-23.5044301896489,152.093428080625,801.39,21.9,80.2,923.36,18.33,295.4,26.23,21.03,14.5,302.21,304.88,"ascent",0.3,337.5,0.115,-0.277
20230309,"09",2023-03-08 23:38:44,1678318724,-23.5044303458896,152.093428022828,804.25,21.88,80.3,923.06,18.33,295.38,26.19,21.03,14.5,302.21,304.89,"ascent",0.3,337.5,0.117,-0.283
20230309,"09",2023-03-08 23:38:45,1678318725,-23.504430596613,152.09342801053,807.4,21.84,80.4,922.73,18.31,295.34,26.13,21.01,14.49,302.2,304.88,"ascent",0.3,337.4,0.12,-0.288
20230309,"09",2023-03-08 23:38:46,1678318726,-23.5044307067693,152.093428157147,810.55,21.84,80.5,922.41,18.33,295.34,26.13,21.03,14.51,302.23,304.91,"ascent",0.3,337.5,0.122,-0.294
20230309,"09",2023-03-08 23:38:47,1678318727,-23.5044307219156,152.093428189672,813.55,21.77,80.2,922.13,18.21,295.27,26.02,20.87,14.4,302.19,304.84,"ascent",0.3,337.5,0.124,-0.299
20230309,"09",2023-03-08 23:38:48,1678318728,-23.5044307720469,152.093428193728,816.39,21.74,80.2,921.71,18.18,295.24,25.97,20.83,14.38,302.2,304.85,"ascent",0.3,337.4,0.127,-0.305
20230309,"09",2023-03-08 23:38:49,1678318729,-23.5044308107673,152.093428315854,819.4,21.69,80.4,921.42,18.17,295.19,25.89,20.82,14.38,302.17,304.82,"ascent",0.3,337.5,0.129,-0.311
20230309,"09",2023-03-08 23:38:50,1678318730,-23.5044307891351,152.093428454498,822.55,21.71,80.5,921.17,18.21,295.21,25.92,20.87,14.42,302.22,304.88,"ascent",0.3,337.5,0.131,-0.316
20230309,"09",2023-03-08 23:38:51,1678318731,-23.5044308116695,152.093428535573,825.52,21.66,80.5,920.8,18.16,295.16,25.84,20.8,14.38,302.2,304.85,"ascent",0.3,337.6,0.133,-0.322
20230309,"09",2023-03-08 23:38:52,1678318732,-23.5044308936286,152.093428602676,828.35,21.66,80.6,920.5,18.18,295.16,25.84,20.83,14.4,302.23,304.88,"ascent",0.4,337.4,0.136,-0.327
20230309,"09",2023-03-08 23:38:53,1678318733,-23.5044309954538,152.093428673523,831.24,21.65,80.6,920.18,18.17,295.15,25.83,20.82,14.4,302.25,304.9,"ascent",0.4,337.5,0.138,-0.333
20230309,"09",2023-03-08 23:38:54,1678318734,-23.5044308787419,152.093428819503,834.4,21.59,80.6,919.81,18.11,295.09,25.73,20.74,14.35,302.22,304.87,"ascent",0.4,337.6,0.14,-0.339
20230309,"09",2023-03-08 23:38:55,1678318735,-23.5044307795264,152.093428922923,837.55,21.6,80.5,919.53,18.1,295.1,25.75,20.73,14.34,302.26,304.9,"ascent",0.4,337.4,0.143,-0.344
20230309,"09",2023-03-08 23:38:56,1678318736,-23.5044309119915,152.093429005881,840.55,21.56,80.4,919.19,18.04,295.06,25.69,20.65,14.29,302.25,304.89,"ascent",0.4,337.5,0.145,-0.35
20230309,"09",2023-03-08 23:38:57,1678318737,-23.5044309005735,152.093429117684,843.39,21.53,80.4,918.95,18.01,295.03,25.64,20.61,14.27,302.24,304.87,"ascent",0.4,337.5,0.147,-0.355
20230309,"09",2023-03-08 23:38:58,1678318738,-23.5044309057074,152.093429234718,846.4,21.54,80.5,918.61,18.04,295.04,25.65,20.65,14.3,302.28,304.92,"ascent",0.4,337.4,0.15,-0.361
20230309,"09",2023-03-08 23:38:59,1678318739,-23.5044310232243,152.093429355459,849.55,21.52,80.4,918.23,18,295.02,25.62,20.6,14.27,302.3,304.93,"ascent",0.4,337.5,0.152,-0.367
20230309,"09",2023-03-08 23:39:00,1678318740,-23.5044310068443,152.093429504097,852.55,21.49,80.3,917.97,17.95,294.99,25.58,20.54,14.23,302.29,304.92,"ascent",0.4,337.5,0.154,-0.372
20230309,"09",2023-03-08 23:39:01,1678318741,-23.5044310765722,152.093429560599,855.55,21.46,80.2,917.67,17.9,294.96,25.53,20.47,14.19,302.29,304.91,"ascent",0.4,337.6,0.156,-0.378
20230309,"09",2023-03-08 23:39:02,1678318742,-23.5044311944225,152.093429695521,858.37,21.4,79.9,917.32,17.79,294.9,25.44,20.32,14.09,302.26,304.86,"ascent",0.4,337.5,0.159,-0.384
20230309,"09",2023-03-08 23:39:03,1678318743,-23.5044312880099,152.093429787002,861.35,21.38,79.5,917,17.69,294.88,25.4,20.2,14.01,302.27,304.85,"ascent",0.4,337.5,0.161,-0.389
20230309,"09",2023-03-08 23:39:04,1678318744,-23.504431372727,152.093429909802,864.53,21.36,79.4,916.64,17.65,294.86,25.37,20.15,13.98,302.28,304.86,"ascent",0.4,337.6,0.163,-0.395
20230309,"09",2023-03-08 23:39:05,1678318745,-23.5044313762909,152.09342996741,867.5,21.37,79.4,916.37,17.66,294.87,25.39,20.16,13.99,302.32,304.9,"ascent",0.4,337.5,0.166,-0.4
20230309,"09",2023-03-08 23:39:06,1678318746,-23.5044314124105,152.093430028651,870.35,21.33,79.2,916.05,17.58,294.83,25.33,20.06,13.92,302.31,304.88,"ascent",0.4,337.5,0.168,-0.406
20230309,"09",2023-03-08 23:39:07,1678318747,-23.5044314899524,152.09343008303,873.35,21.32,79,915.7,17.53,294.82,25.31,20,13.88,302.33,304.89,"ascent",0.4,337.6,0.17,-0.412
20230309,"09",2023-03-08 23:39:08,1678318748,-23.5044315916974,152.093430251891,876.5,21.31,78.9,915.4,17.5,294.81,25.3,19.96,13.86,302.35,304.91,"ascent",0.5,337.5,0.173,-0.417
20230309,"09",2023-03-08 23:39:09,1678318749,-23.5044314569707,152.093430344072,879.5,21.32,78.8,915.08,17.49,294.82,25.31,19.95,13.86,302.39,304.95,"ascent",0.5,337.5,0.175,-0.423
20230309,"09",2023-03-08 23:39:10,1678318750,-23.504431476887,152.093430325612,882.5,21.24,78.3,914.8,17.31,294.74,25.19,19.72,13.7,302.34,304.86,"ascent",0.5,337.5,0.177,-0.428
20230309,"09",2023-03-08 23:39:11,1678318751,-23.5044314810525,152.093430415958,885.35,21.28,78,914.55,17.29,294.78,25.25,19.69,13.69,302.4,304.92,"ascent",0.5,337.6,0.179,-0.434
20230309,"09",2023-03-08 23:39:12,1678318752,-23.5044315663942,152.093430551798,888.2,21.26,77.9,914.16,17.25,294.76,25.22,19.64,13.66,302.42,304.94,"ascent",0.5,337.5,0.182,-0.44
20230309,"09",2023-03-08 23:39:13,1678318753,-23.5044316277831,152.093430609822,891.35,21.25,77.9,913.83,17.24,294.75,25.2,19.63,13.66,302.44,304.96,"ascent",0.5,337.5,0.184,-0.445
20230309,"09",2023-03-08 23:39:14,1678318754,-23.5044316793404,152.093430741885,894.5,21.36,78.9,913.54,17.55,294.86,25.37,20.02,13.94,302.58,305.15,"ascent",0.5,337.6,0.186,-0.451
20230309,"09",2023-03-08 23:39:15,1678318755,-23.5044316695947,152.093430824142,897.49,21.31,78.9,913.22,17.5,294.81,25.3,19.96,13.9,302.56,305.12,"ascent",0.5,337.5,0.189,-0.456
20230309,"09",2023-03-08 23:39:16,1678318756,-23.5044315677116,152.093430834738,900.3,21.29,78.9,912.91,17.48,294.79,25.26,19.93,13.88,302.57,305.13,"ascent",0.5,337.5,0.191,-0.462
20230309,"09",2023-03-08 23:39:17,1678318757,-23.5044316038144,152.093430959177,903.15,21.32,79.3,912.61,17.59,294.82,25.31,20.07,13.99,302.62,305.21,"ascent",0.5,336.6,0.196,-0.453
20230309,"09",2023-03-08 23:39:18,1678318758,-23.5044316906612,152.093431110251,906.3,21.31,79.3,912.27,17.58,294.81,25.3,20.06,13.98,302.65,305.23,"ascent",0.5,335.5,0.202,-0.443
20230309,"09",2023-03-08 23:39:19,1678318759,-23.5044317130598,152.093431135289,909.45,21.26,78.8,911.93,17.43,294.76,25.22,19.87,13.86,302.63,305.19,"ascent",0.5,334.5,0.207,-0.434
20230309,"09",2023-03-08 23:39:20,1678318760,-23.5044316671274,152.093431245303,912.45,21.18,78.1,911.65,17.21,294.68,25.09,19.6,13.67,302.57,305.09,"ascent",0.5,333.4,0.213,-0.425
20230309,"09",2023-03-08 23:39:21,1678318761,-23.5044315621221,152.093431435794,915.29,21.14,77.5,911.34,17.05,294.64,25.03,19.4,13.53,302.56,305.06,"ascent",0.5,332.3,0.218,-0.415
20230309,"09",2023-03-08 23:39:22,1678318762,-23.5044317076454,152.093431503995,918.3,21.11,77.4,911.02,17,294.61,24.99,19.34,13.49,302.56,305.05,"ascent",0.5,331.1,0.224,-0.406
20230309,"09",2023-03-08 23:39:23,1678318763,-23.5044318809027,152.093431551338,921.45,21.13,77.2,910.76,16.98,294.63,25.02,19.31,13.48,302.6,305.09,"ascent",0.5,330,0.229,-0.396
20230309,"09",2023-03-08 23:39:24,1678318764,-23.5044319922726,152.093431652727,924.45,21.13,77.1,910.38,16.96,294.63,25.02,19.29,13.46,302.64,305.13,"ascent",0.5,328.8,0.234,-0.387
20230309,"09",2023-03-08 23:39:25,1678318765,-23.504432079838,152.093431642368,927.29,21.17,77,910.09,16.98,294.67,25.08,19.31,13.48,302.71,305.2,"ascent",0.5,327.6,0.24,-0.378
20230309,"09",2023-03-08 23:39:26,1678318766,-23.5044320862757,152.09343167322,930.15,21.13,76.9,909.79,16.92,294.63,25.02,19.24,13.44,302.7,305.18,"ascent",0.5,326.3,0.245,-0.368
20230309,"09",2023-03-08 23:39:27,1678318767,-23.5044322257725,152.093431755207,933.15,21.09,76.7,909.44,16.84,294.59,24.96,19.14,13.37,302.69,305.16,"ascent",0.5,325,0.251,-0.359
20230309,"09",2023-03-08 23:39:28,1678318768,-23.5044322999402,152.093431841388,936.3,21.1,76.7,909.13,16.85,294.6,24.97,19.15,13.39,302.73,305.2,"ascent",0.5,323.8,0.256,-0.35
20230309,"09",2023-03-08 23:39:29,1678318769,-23.5044322903328,152.093432013784,939.45,21.1,76.8,908.79,16.87,294.6,24.97,19.18,13.41,302.76,305.24,"ascent",0.5,322.4,0.262,-0.34
20230309,"09",2023-03-08 23:39:30,1678318770,-23.504432394872,152.093432050519,942.29,21.06,76.7,908.53,16.81,294.56,24.91,19.11,13.36,302.74,305.21,"ascent",0.5,321.1,0.267,-0.331
20230309,"09",2023-03-08 23:39:31,1678318771,-23.5044324717321,152.093432228834,945.15,21.06,76.5,908.2,16.77,294.56,24.91,19.06,13.33,302.78,305.24,"ascent",0.5,319.8,0.272,-0.322
20230309,"09",2023-03-08 23:39:32,1678318772,-23.5044324724748,152.093432305358,948.27,21.04,76.6,907.89,16.77,294.54,24.88,19.06,13.34,302.79,305.25,"ascent",0.5,318.3,0.278,-0.312
20230309,"09",2023-03-08 23:39:33,1678318773,-23.5044324426594,152.093432354333,951.41,21.03,76.5,907.57,16.74,294.53,24.86,19.02,13.31,302.81,305.26,"ascent",0.4,317,0.283,-0.303
20230309,"09",2023-03-08 23:39:34,1678318774,-23.5044325384154,152.093432341115,954.29,21.03,76.6,907.24,16.76,294.53,24.86,19.05,13.34,302.84,305.3,"ascent",0.4,315.4,0.289,-0.293
20230309,"09",2023-03-08 23:39:35,1678318775,-23.5044325711357,152.093432404856,957.15,20.98,76.6,906.96,16.71,294.48,24.79,18.99,13.3,302.81,305.27,"ascent",0.4,314,0.294,-0.284
20230309,"09",2023-03-08 23:39:36,1678318776,-23.5044326903049,152.093432466139,960.25,20.96,76.2,906.63,16.61,294.46,24.76,18.87,13.22,302.82,305.26,"ascent",0.4,312.6,0.299,-0.275
20230309,"09",2023-03-08 23:39:37,1678318777,-23.5044327883257,152.093432570509,963.25,20.92,75.8,906.32,16.49,294.42,24.7,18.72,13.12,302.81,305.23,"ascent",0.4,311,0.305,-0.265
20230309,"09",2023-03-08 23:39:38,1678318778,-23.5044328557741,152.093432657658,966.22,20.96,75.9,905.99,16.55,294.46,24.76,18.79,13.17,302.88,305.32,"ascent",0.4,309.6,0.31,-0.256
20230309,"09",2023-03-08 23:39:39,1678318779,-23.5044329270869,152.093432844281,969.22,20.96,75.9,905.72,16.55,294.46,24.76,18.79,13.18,302.91,305.34,"ascent",0.4,308,0.316,-0.247
20230309,"09",2023-03-08 23:39:40,1678318780,-23.5044330279847,152.093432906561,972.2,20.96,76,905.37,16.57,294.46,24.76,18.82,13.2,302.94,305.38,"ascent",0.4,306.4,0.321,-0.237
20230309,"09",2023-03-08 23:39:41,1678318781,-23.5044331104677,152.093433065312,975.35,20.92,76.1,905.07,16.55,294.42,24.7,18.79,13.19,302.93,305.37,"ascent",0.4,304.9,0.327,-0.228
20230309,"09",2023-03-08 23:39:42,1678318782,-23.5044331642953,152.093433187777,978.35,20.96,76.2,904.76,16.61,294.46,24.76,18.87,13.25,303,305.45,"ascent",0.4,303.4,0.332,-0.219
20230309,"09",2023-03-08 23:39:43,1678318783,-23.5044332176462,152.093433308252,981.19,20.92,76.5,904.42,16.63,294.42,24.7,18.89,13.27,302.99,305.45,"ascent",0.4,301.8,0.337,-0.209
20230309,"09",2023-03-08 23:39:44,1678318784,-23.5044332499507,152.093433359464,984.05,20.91,76.7,904.13,16.66,294.41,24.68,18.93,13.3,303.01,305.47,"ascent",0.4,300.2,0.343,-0.2
20230309,"09",2023-03-08 23:39:45,1678318785,-23.5044332546622,152.093433447647,987.2,20.91,76.8,903.92,16.69,294.41,24.68,18.96,13.32,303.03,305.49,"ascent",0.4,298.6,0.348,-0.19
20230309,"09",2023-03-08 23:39:46,1678318786,-23.5044332463457,152.093433456817,990.35,20.87,76.9,903.5,16.67,294.37,24.62,18.93,13.31,303.03,305.49,"ascent",0.4,297.1,0.354,-0.181
20230309,"09",2023-03-08 23:39:47,1678318787,-23.5044332429464,152.093433469911,993.35,20.85,77,903.21,16.67,294.35,24.59,18.94,13.32,303.04,305.5,"ascent",0.4,295.6,0.359,-0.172
20230309,"09",2023-03-08 23:39:48,1678318788,-23.5044333390604,152.093433586542,996.19,20.86,77.1,902.9,16.7,294.36,24.61,18.97,13.35,303.08,305.55,"ascent",0.4,293.9,0.365,-0.162
20230309,"09",2023-03-08 23:39:49,1678318789,-23.5044333680321,152.093433651301,999.2,20.81,77.2,902.59,16.67,294.31,24.53,18.94,13.33,303.06,305.52,"ascent",0.4,292.5,0.37,-0.153
20230309,"09",2023-03-08 23:39:50,1678318790,-23.5044334851228,152.093433761133,1002.35,20.76,77.1,902.26,16.6,294.26,24.46,18.86,13.28,303.04,305.49,"ascent",0.4,292.4,0.378,-0.156
20230309,"09",2023-03-08 23:39:51,1678318791,-23.5044335753975,152.093433872029,1005.35,20.73,76.8,902,16.51,294.23,24.41,18.75,13.2,303.03,305.47,"ascent",0.4,292.5,0.386,-0.16
20230309,"09",2023-03-08 23:39:52,1678318792,-23.5044336848134,152.093433857772,1008.19,20.7,76.7,901.63,16.46,294.2,24.37,18.69,13.16,303.03,305.47,"ascent",0.4,292.5,0.394,-0.163
20230309,"09",2023-03-08 23:39:53,1678318793,-23.5044336486207,152.093433867859,1011.05,20.69,76.7,901.32,16.45,294.19,24.35,18.68,13.16,303.05,305.49,"ascent",0.4,292.5,0.403,-0.167
20230309,"09",2023-03-08 23:39:54,1678318794,-23.5044336647539,152.093433836813,1014.05,20.68,76.8,900.97,16.46,294.18,24.34,18.69,13.18,303.08,305.51,"ascent",0.4,292.5,0.411,-0.17
20230309,"09",2023-03-08 23:39:55,1678318795,-23.5044337484904,152.09343394143,1017.02,20.64,76.8,900.7,16.42,294.14,24.28,18.64,13.15,303.06,305.49,"ascent",0.5,292.4,0.419,-0.173
20230309,"09",2023-03-08 23:39:56,1678318796,-23.5044338846389,152.093434031035,1020.15,20.62,76.8,900.42,16.4,294.12,24.25,18.62,13.13,303.07,305.5,"ascent",0.5,292.5,0.427,-0.177
20230309,"09",2023-03-08 23:39:57,1678318797,-23.5044339516291,152.093434081803,1023.19,20.61,76.9,900.08,16.42,294.11,24.23,18.63,13.15,303.09,305.52,"ascent",0.5,292.5,0.435,-0.18
20230309,"09",2023-03-08 23:39:58,1678318798,-23.5044340690114,152.093434171868,1026.18,20.61,76.9,899.71,16.42,294.11,24.23,18.63,13.15,303.13,305.56,"ascent",0.5,292.4,0.443,-0.183
20230309,"09",2023-03-08 23:39:59,1678318799,-23.504434072731,152.093434249155,1029.3,20.58,76.9,899.47,16.39,294.08,24.19,18.6,13.13,303.12,305.55,"ascent",0.5,292.5,0.451,-0.187
20230309,"09",2023-03-08 23:40:00,1678318800,-23.5044341298347,152.09343435721,1032.3,20.55,76.8,899.18,16.34,294.05,24.14,18.54,13.09,303.12,305.54,"ascent",0.5,292.4,0.46,-0.19
20230309,"09",2023-03-08 23:40:01,1678318801,-23.5044340864762,152.093434453431,1035.15,20.55,76.8,898.84,16.34,294.05,24.14,18.54,13.1,303.15,305.57,"ascent",0.5,292.5,0.468,-0.194
20230309,"09",2023-03-08 23:40:02,1678318802,-23.5044341367704,152.093434658911,1038,20.57,77,898.52,16.4,294.07,24.17,18.61,13.16,303.2,305.63,"ascent",0.5,292.5,0.476,-0.197
20230309,"09",2023-03-08 23:40:03,1678318803,-23.5044341192167,152.093434706282,1041.15,20.52,77.1,898.22,16.37,294.02,24.1,18.58,13.14,303.18,305.61,"ascent",0.5,292.5,0.484,-0.2
20230309,"09",2023-03-08 23:40:04,1678318804,-23.5044341450221,152.09343477595,1044.3,20.49,76.9,897.91,16.3,293.99,24.05,18.5,13.08,303.18,305.6,"ascent",0.5,292.5,0.492,-0.204
20230309,"09",2023-03-08 23:40:05,1678318805,-23.5044342703793,152.093434847314,1047.15,20.47,76.9,897.62,16.28,293.97,24.02,18.47,13.07,303.18,305.6,"ascent",0.5,292.5,0.5,-0.207
20230309,"09",2023-03-08 23:40:06,1678318806,-23.504434380016,152.093434872301,1050,20.44,76.9,897.28,16.25,293.94,23.98,18.44,13.05,303.19,305.6,"ascent",0.6,292.6,0.508,-0.211
20230309,"09",2023-03-08 23:40:07,1678318807,-23.5044345303912,152.093434907829,1053.15,20.43,77,896.98,16.26,293.93,23.96,18.45,13.06,303.2,305.62,"ascent",0.6,292.5,0.517,-0.214
20230309,"09",2023-03-08 23:40:08,1678318808,-23.5044345486677,152.093435010103,1056.29,20.43,77,896.65,16.26,293.93,23.96,18.45,13.07,303.24,305.65,"ascent",0.6,292.5,0.525,-0.217
20230309,"09",2023-03-08 23:40:09,1678318809,-23.5044346642594,152.093435101133,1059.25,20.39,77,896.32,16.22,293.89,23.9,18.41,13.04,303.23,305.64,"ascent",0.6,292.5,0.533,-0.221
20230309,"09",2023-03-08 23:40:10,1678318810,-23.5044347399833,152.093435164932,1062.09,20.38,77,896.04,16.21,293.88,23.89,18.39,13.04,303.24,305.65,"ascent",0.6,292.5,0.541,-0.224
20230309,"09",2023-03-08 23:40:11,1678318811,-23.5044348351242,152.093435176259,1065.1,20.35,77.2,895.72,16.22,293.85,23.84,18.41,13.05,303.24,305.66,"ascent",0.6,292.5,0.549,-0.227
20230309,"09",2023-03-08 23:40:12,1678318812,-23.5044349355634,152.093435266423,1068.25,20.36,77.2,895.41,16.23,293.86,23.86,18.42,13.06,303.28,305.7,"ascent",0.6,292.5,0.557,-0.231
20230309,"09",2023-03-08 23:40:13,1678318813,-23.5044349082451,152.093435161087,1071.25,20.33,77.3,895.07,16.23,293.83,23.82,18.41,13.06,303.29,305.7,"ascent",0.6,292.5,0.566,-0.234
20230309,"09",2023-03-08 23:40:14,1678318814,-23.5044349462442,152.093435166294,1074.09,20.27,76.9,894.82,16.09,293.77,23.73,18.25,12.95,303.25,305.64,"ascent",0.6,292.5,0.574,-0.238
20230309,"09",2023-03-08 23:40:15,1678318815,-23.5044351361799,152.093435221685,1076.89,20.28,76.7,894.52,16.06,293.78,23.74,18.21,12.92,303.29,305.68,"ascent",0.6,292.5,0.582,-0.241
20230309,"09",2023-03-08 23:40:16,1678318816,-23.5044352333519,152.093435372887,1080,20.25,76.7,894.19,16.03,293.75,23.7,18.18,12.91,303.29,305.68,"ascent",0.6,292.5,0.59,-0.244
20230309,"09",2023-03-08 23:40:17,1678318817,-23.5044352328422,152.093435517571,1083.15,20.23,76.7,893.88,16.01,293.73,23.67,18.15,12.89,303.3,305.68,"ascent",0.6,292.5,0.598,-0.248
20230309,"09",2023-03-08 23:40:18,1678318818,-23.5044353254274,152.093435573481,1085.99,20.22,76.7,893.61,16,293.72,23.65,18.14,12.89,303.31,305.7,"ascent",0.7,292.5,0.606,-0.251
20230309,"09",2023-03-08 23:40:19,1678318819,-23.5044354110066,152.093435678137,1088.85,20.18,76.7,893.22,15.96,293.68,23.6,18.1,12.86,303.31,305.69,"ascent",0.7,292.5,0.614,-0.254
20230309,"09",2023-03-08 23:40:20,1678318820,-23.5044355635251,152.093435750438,1091.8,20.21,76.6,892.93,15.97,293.71,23.64,18.11,12.87,303.37,305.75,"ascent",0.7,292.5,0.623,-0.258
20230309,"09",2023-03-08 23:40:21,1678318821,-23.5044356482273,152.093435958082,1094.9,20.18,76.5,892.63,15.92,293.68,23.6,18.05,12.84,303.37,305.74,"ascent",0.7,292.5,0.631,-0.261
20230309,"09",2023-03-08 23:40:22,1678318822,-23.5044357365083,152.093436125082,1098.05,20.17,76.4,892.3,15.89,293.67,23.58,18.02,12.82,303.39,305.76,"ascent",0.7,292.5,0.639,-0.265
20230309,"09",2023-03-08 23:40:23,1678318823,-23.5044356276986,152.093436220642,1100.89,20.15,76.3,892,15.85,293.65,23.55,17.97,12.79,303.4,305.76,"ascent",0.7,292.5,0.647,-0.268
20230309,"09",2023-03-08 23:40:24,1678318824,-23.5044356412616,152.093436375226,1103.9,20.18,76.2,891.7,15.86,293.68,23.6,17.98,12.8,303.46,305.83,"ascent",0.7,292.5,0.661,-0.274
20230309,"09",2023-03-08 23:40:25,1678318825,-23.5044357319164,152.093436494077,1107.01,20.11,76.1,891.35,15.77,293.61,23.49,17.88,12.73,303.42,305.78,"ascent",0.7,292.5,0.675,-0.28
20230309,"09",2023-03-08 23:40:26,1678318826,-23.5044357960929,152.093436546304,1109.97,20.1,76.1,891.09,15.76,293.6,23.48,17.87,12.73,303.43,305.79,"ascent",0.7,292.5,0.689,-0.285
20230309,"09",2023-03-08 23:40:27,1678318827,-23.5044358071819,152.0934365872,1112.95,20.08,76.1,890.79,15.74,293.58,23.45,17.85,12.71,303.44,305.8,"ascent",0.8,292.5,0.703,-0.291
20230309,"09",2023-03-08 23:40:28,1678318828,-23.5044357288415,152.093436699461,1115.79,20.06,76,890.45,15.7,293.56,23.42,17.8,12.69,303.45,305.8,"ascent",0.8,292.5,0.717,-0.297
20230309,"09",2023-03-08 23:40:29,1678318829,-23.5044357867185,152.09343676378,1118.8,20.06,76,890.16,15.7,293.56,23.42,17.8,12.69,303.48,305.83,"ascent",0.8,292.5,0.731,-0.303
20230309,"09",2023-03-08 23:40:30,1678318830,-23.5044358826119,152.093436794656,1121.95,20.02,76.1,889.83,15.68,293.52,23.36,17.78,12.68,303.47,305.82,"ascent",0.8,292.5,0.745,-0.309
20230309,"09",2023-03-08 23:40:31,1678318831,-23.5044360281946,152.093436856958,1124.95,20.01,75.9,889.53,15.63,293.51,23.35,17.72,12.64,303.49,305.83,"ascent",0.8,292.5,0.759,-0.314
20230309,"09",2023-03-08 23:40:32,1678318832,-23.5044361162641,152.09343691027,1127.79,19.96,75.7,889.25,15.54,293.46,23.28,17.62,12.57,303.47,305.8,"ascent",0.8,292.5,0.773,-0.32
20230309,"09",2023-03-08 23:40:33,1678318833,-23.5044360932347,152.093436960843,1130.65,19.94,75.7,888.9,15.52,293.44,23.25,17.6,12.56,303.48,305.81,"ascent",0.9,292.5,0.787,-0.326
20230309,"09",2023-03-08 23:40:34,1678318834,-23.5044362148774,152.093437109693,1133.8,19.95,75.6,888.64,15.51,293.45,23.26,17.59,12.56,303.52,305.84,"ascent",0.9,292.5,0.801,-0.332
20230309,"09",2023-03-08 23:40:35,1678318835,-23.5044362647375,152.093437100871,1136.95,19.93,75.5,888.32,15.47,293.43,23.23,17.54,12.53,303.53,305.85,"ascent",0.9,292.5,0.815,-0.337
20230309,"09",2023-03-08 23:40:36,1678318836,-23.5044362960581,152.093437218822,1139.95,19.92,75.6,888.03,15.48,293.42,23.22,17.55,12.54,303.55,305.87,"ascent",0.9,292.5,0.829,-0.343
20230309,"09",2023-03-08 23:40:37,1678318837,-23.5044362836274,152.093437306197,1142.79,19.89,75.6,887.74,15.45,293.39,23.18,17.52,12.52,303.54,305.86,"ascent",0.9,292.5,0.843,-0.349
20230309,"09",2023-03-08 23:40:38,1678318838,-23.504436376875,152.093437339344,1145.65,19.89,75.5,887.36,15.43,293.39,23.18,17.5,12.51,303.58,305.9,"ascent",0.9,292.5,0.857,-0.355
20230309,"09",2023-03-08 23:40:39,1678318839,-23.5044363952699,152.093437419896,1148.65,19.88,75.6,887.05,15.44,293.38,23.16,17.51,12.52,303.6,305.92,"ascent",0.9,292.5,0.871,-0.361
20230309,"09",2023-03-08 23:40:40,1678318840,-23.50443656042,152.093437511441,1151.83,19.84,75.5,886.75,15.38,293.34,23.1,17.44,12.48,303.59,305.9,"ascent",1,292.5,0.885,-0.366
20230309,"09",2023-03-08 23:40:41,1678318841,-23.5044364997451,152.093437562719,1154.95,19.8,75.4,886.49,15.32,293.3,23.05,17.38,12.44,303.57,305.88,"ascent",1,292.5,0.899,-0.372
20230309,"09",2023-03-08 23:40:42,1678318842,-23.504436551372,152.093437617537,1157.85,19.77,75.4,886.13,15.29,293.27,23,17.35,12.42,303.58,305.88,"ascent",1,292.5,0.913,-0.378
20230309,"09",2023-03-08 23:40:43,1678318843,-23.5044365854542,152.093437654326,1160.85,19.76,75.4,885.82,15.29,293.26,22.99,17.33,12.41,303.6,305.9,"ascent",1,292.5,0.927,-0.384
20230309,"09",2023-03-08 23:40:44,1678318844,-23.5044366017668,152.093437771371,1164.05,19.73,75.2,885.54,15.21,293.23,22.95,17.26,12.36,303.59,305.88,"ascent",1,292.5,0.941,-0.39
20230309,"09",2023-03-08 23:40:45,1678318845,-23.5044366964552,152.093437855466,1167.04,19.73,75.2,885.19,15.21,293.23,22.95,17.26,12.37,303.63,305.92,"ascent",1,292.5,0.955,-0.395
20230309,"09",2023-03-08 23:40:46,1678318846,-23.5044367830214,152.093437927997,1169.89,19.69,75.2,884.88,15.18,293.19,22.89,17.21,12.34,303.62,305.9,"ascent",1,292.5,0.969,-0.401
20230309,"09",2023-03-08 23:40:47,1678318847,-23.5044366783071,152.093438012535,1172.75,19.69,75.3,884.58,15.2,293.19,22.89,17.24,12.36,303.65,305.94,"ascent",1.1,292.5,0.983,-0.407
20230309,"09",2023-03-08 23:40:48,1678318848,-23.504436679522,152.093438106379,1175.9,19.67,75.4,884.28,15.2,293.17,22.86,17.24,12.37,303.65,305.94,"ascent",1.1,292.5,0.997,-0.413
20230309,"09",2023-03-08 23:40:49,1678318849,-23.5044367905679,152.093438212712,1179.05,19.64,75.4,883.93,15.17,293.14,22.82,17.21,12.35,303.66,305.94,"ascent",1.1,292.5,1.011,-0.418
20230309,"09",2023-03-08 23:40:50,1678318850,-23.5044367320798,152.093438324071,1182.05,19.64,75.4,883.64,15.17,293.14,22.82,17.21,12.35,303.69,305.97,"ascent",1.1,292.5,1.025,-0.424
20230309,"09",2023-03-08 23:40:51,1678318851,-23.5044368032469,152.093438443304,1184.89,19.58,75.5,883.38,15.13,293.08,22.73,17.16,12.32,303.65,305.93,"ascent",1.1,292.5,1.039,-0.43
20230309,"09",2023-03-08 23:40:52,1678318852,-23.5044368997309,152.093438538164,1187.75,19.58,75.5,883.09,15.13,293.08,22.73,17.16,12.33,303.68,305.96,"ascent",1.1,292.5,1.053,-0.436
20230309,"09",2023-03-08 23:40:53,1678318853,-23.5044369566701,152.093438637864,1190.75,19.57,75.6,882.75,15.14,293.07,22.72,17.18,12.34,303.7,305.99,"ascent",1.2,292.5,1.067,-0.442
20230309,"09",2023-03-08 23:40:54,1678318854,-23.5044369843297,152.093438796356,1193.9,19.52,75.7,882.43,15.11,293.02,22.65,17.15,12.32,303.68,305.96,"ascent",1.2,292.5,1.081,-0.447
20230309,"09",2023-03-08 23:40:55,1678318855,-23.5044370417499,152.093438904393,1197.05,19.5,75.8,882.1,15.12,293,22.62,17.15,12.33,303.69,305.98,"ascent",1.2,292.5,1.095,-0.453
20230309,"09",2023-03-08 23:40:56,1678318856,-23.5044369962424,152.093438946072,1199.89,19.5,75.9,881.79,15.14,293,22.62,17.17,12.35,303.72,306.01,"ascent",1.2,292.5,1.109,-0.459
20230309,"09",2023-03-08 23:40:57,1678318857,-23.504437028454,152.093438992389,1202.75,19.47,76,881.52,15.13,292.97,22.58,17.16,12.35,303.72,306.01,"ascent",1.2,292.5,1.126,-0.466
20230309,"09",2023-03-08 23:40:58,1678318858,-23.5044372060975,152.093439012837,1205.9,19.42,76,881.18,15.08,292.92,22.51,17.11,12.31,303.7,305.98,"ascent",1.2,292.5,1.143,-0.473
20230309,"09",2023-03-08 23:40:59,1678318859,-23.5044374218467,152.093439122313,1209.05,19.43,76.2,880.89,15.13,292.93,22.52,17.16,12.36,303.74,306.03,"ascent",1.3,292.5,1.159,-0.48
20230309,"09",2023-03-08 23:41:00,1678318860,-23.504437613965,152.093439263208,1212.05,19.39,76.4,880.6,15.13,292.89,22.47,17.17,12.36,303.73,306.02,"ascent",1.3,292.5,1.176,-0.487
20230309,"09",2023-03-08 23:41:01,1678318861,-23.5044376864541,152.093439329044,1214.89,19.36,76.6,880.28,15.14,292.86,22.43,17.18,12.38,303.73,306.02,"ascent",1.3,292.5,1.193,-0.494
20230309,"09",2023-03-08 23:41:02,1678318862,-23.5044377773832,152.093439293171,1217.9,19.33,76.7,879.95,15.14,292.83,22.38,17.17,12.38,303.73,306.02,"ascent",1.3,292.5,1.21,-0.501
20230309,"09",2023-03-08 23:41:03,1678318863,-23.504437649384,152.093439373117,1221.05,19.32,76.8,879.71,15.15,292.82,22.37,17.18,12.39,303.74,306.04,"ascent",1.3,292.5,1.227,-0.508
20230309,"09",2023-03-08 23:41:04,1678318864,-23.5044376280559,152.093439552054,1224.07,19.25,76.9,879.37,15.1,292.75,22.27,17.13,12.35,303.7,305.99,"ascent",1.3,292.5,1.243,-0.515
20230309,"09",2023-03-08 23:41:05,1678318865,-23.5044376653939,152.093439653234,1227.06,19.25,77.1,879.02,15.14,292.75,22.27,17.17,12.39,303.74,306.03,"ascent",1.4,292.5,1.26,-0.522
20230309,"09",2023-03-08 23:41:06,1678318866,-23.5044377348095,152.093439745548,1229.91,19.24,77.2,878.76,15.15,292.74,22.26,17.18,12.4,303.75,306.05,"ascent",1.4,292.5,1.277,-0.529
20230309,"09",2023-03-08 23:41:07,1678318867,-23.504437756025,152.09343972934,1232.96,19.21,77.4,878.46,15.16,292.71,22.22,17.2,12.42,303.75,306.05,"ascent",1.4,292.5,1.294,-0.536
20230309,"09",2023-03-08 23:41:08,1678318868,-23.5044377435516,152.093439812589,1236.15,19.19,77.5,878.16,15.16,292.69,22.19,17.2,12.42,303.76,306.06,"ascent",1.4,292.5,1.31,-0.543
20230309,"09",2023-03-08 23:41:09,1678318869,-23.5044377728984,152.093439838912,1239.13,19.15,77.6,877.81,15.14,292.65,22.13,17.18,12.41,303.75,306.05,"ascent",1.4,292.5,1.327,-0.55
20230309,"09",2023-03-08 23:41:10,1678318870,-23.5044378098633,152.09343995003,1241.99,19.11,77.7,877.53,15.12,292.61,22.08,17.16,12.4,303.74,306.04,"ascent",1.5,292.5,1.344,-0.557
20230309,"09",2023-03-08 23:41:11,1678318871,-23.5044378584854,152.093439931407,1244.38,19.08,77.8,877.22,15.11,292.58,22.04,17.15,12.4,303.74,306.04,"ascent",1.5,292.5,1.361,-0.564
20230309,"09",2023-03-08 23:41:12,1678318872,-23.5044378868153,152.09344011879,1246.97,19.06,77.9,876.87,15.12,292.56,22.01,17.15,12.4,303.75,306.05,"ascent",1.5,292.5,1.378,-0.571
20230309,"09",2023-03-08 23:41:13,1678318873,-23.5044378882571,152.093440252405,1250.35,19,78.1,876.53,15.1,292.5,21.93,17.13,12.39,303.72,306.02,"ascent",1.5,292.5,1.394,-0.577
20230309,"09",2023-03-08 23:41:14,1678318874,-23.5044379595445,152.093440444394,1253.6,18.97,78.2,876.17,15.09,292.47,21.89,17.12,12.39,303.73,306.02,"ascent",1.5,292.5,1.411,-0.584
20230309,"09",2023-03-08 23:41:15,1678318875,-23.5044379708148,152.093440457888,1256.71,18.98,78.4,875.83,15.14,292.48,21.9,17.17,12.44,303.77,306.08,"ascent",1.5,292.5,1.428,-0.591
20230309,"09",2023-03-08 23:41:16,1678318876,-23.5044380560104,152.093440514709,1260,18.94,78.6,875.54,15.14,292.44,21.85,17.17,12.44,303.76,306.06,"ascent",1.6,292.5,1.445,-0.598
20230309,"09",2023-03-08 23:41:17,1678318877,-23.5044382779215,152.093440414167,1263.15,18.93,78.7,875.22,15.15,292.43,21.83,17.18,12.46,303.78,306.09,"ascent",1.6,292.5,1.462,-0.605
20230309,"09",2023-03-08 23:41:18,1678318878,-23.5044383791893,152.093440551355,1266.14,18.85,78.9,874.9,15.11,292.35,21.72,17.14,12.43,303.73,306.03,"ascent",1.6,292.5,1.478,-0.612
20230309,"09",2023-03-08 23:41:19,1678318879,-23.5044384350046,152.093440543403,1269.05,18.88,78.9,874.61,15.14,292.38,21.76,17.17,12.46,303.79,306.1,"ascent",1.6,292.5,1.495,-0.619
20230309,"09",2023-03-08 23:41:20,1678318880,-23.504438382773,152.093440600495,1271.89,18.86,79.1,874.32,15.16,292.36,21.74,17.19,12.48,303.8,306.11,"ascent",1.6,292.5,1.512,-0.626
20230309,"09",2023-03-08 23:41:21,1678318881,-23.5044383474712,152.09344075615,1274.73,18.81,79.3,874.02,15.15,292.31,21.67,17.18,12.47,303.77,306.09,"ascent",1.7,292.5,1.529,-0.633
20230309,"09",2023-03-08 23:41:22,1678318882,-23.5044384527676,152.093440831637,1277.8,18.81,79.4,873.72,15.17,292.31,21.67,17.21,12.49,303.8,306.12,"ascent",1.7,292.5,1.545,-0.64
20230309,"09",2023-03-08 23:41:23,1678318883,-23.5044384336886,152.093440830694,1280.95,18.77,79.6,873.43,15.17,292.27,21.62,17.21,12.5,303.79,306.11,"ascent",1.7,292.5,1.562,-0.647
20230309,"09",2023-03-08 23:41:24,1678318884,-23.5044384379363,152.093440854337,1283.79,18.75,79.8,873.1,15.19,292.25,21.59,17.23,12.52,303.8,306.12,"ascent",1.7,292.5,1.579,-0.654
20230309,"09",2023-03-08 23:41:25,1678318885,-23.5044385337265,152.093440980786,1286.8,18.76,80.3,872.78,15.3,292.26,21.6,17.35,12.61,303.85,306.18,"ascent",1.7,292.5,1.596,-0.661
20230309,"09",2023-03-08 23:41:26,1678318886,-23.5044385560379,152.093441140182,1289.95,18.71,80.2,872.52,15.23,292.21,21.53,17.27,12.56,303.82,306.15,"ascent",1.7,292.5,1.613,-0.668
20230309,"09",2023-03-08 23:41:27,1678318887,-23.5044386320436,152.093441333439,1292.95,18.67,80.2,872.23,15.19,292.17,21.48,17.23,12.53,303.81,306.13,"ascent",1.8,292.5,1.629,-0.675
20230309,"09",2023-03-08 23:41:28,1678318888,-23.5044385343122,152.093441435276,1295.95,18.64,80.3,871.92,15.18,292.14,21.44,17.22,12.53,303.81,306.13,"ascent",1.8,292.5,1.646,-0.682
20230309,"09",2023-03-08 23:41:29,1678318889,-23.5044386616356,152.093441579475,1298.79,18.58,80.3,871.64,15.12,292.08,21.36,17.15,12.49,303.77,306.09,"ascent",1.8,292.5,1.663,-0.689
20230309,"09",2023-03-08 23:41:30,1678318890,-23.5044387542607,152.093441620159,1301.8,18.59,80.6,871.31,15.19,292.09,21.37,17.23,12.55,303.82,306.14,"ascent",1.8,293.9,1.614,-0.716
20230309,"09",2023-03-08 23:41:31,1678318891,-23.5044388080286,152.093441723031,1304.95,18.59,80.9,870.95,15.25,292.09,21.37,17.29,12.6,303.85,306.19,"ascent",1.8,295.4,1.565,-0.743
20230309,"09",2023-03-08 23:41:32,1678318892,-23.5044388410352,152.093441739353,1307.95,18.57,81.1,870.67,15.27,292.07,21.35,17.31,12.62,303.86,306.2,"ascent",1.8,296.9,1.516,-0.769
20230309,"09",2023-03-08 23:41:33,1678318893,-23.5044388363337,152.093441761984,1310.95,18.54,81.2,870.4,15.26,292.04,21.31,17.3,12.61,303.85,306.19,"ascent",1.8,298.5,1.467,-0.796
20230309,"09",2023-03-08 23:41:34,1678318894,-23.5044388337506,152.093441756038,1313.79,18.51,81.4,870.09,15.26,292.01,21.27,17.31,12.63,303.85,306.19,"ascent",1.8,300.1,1.418,-0.823
20230309,"09",2023-03-08 23:41:35,1678318895,-23.5044389303641,152.09344189412,1316.65,18.47,81.5,869.81,15.24,291.97,21.21,17.29,12.61,303.84,306.18,"ascent",1.8,301.8,1.37,-0.85
20230309,"09",2023-03-08 23:41:36,1678318896,-23.5044390212245,152.093442071139,1319.8,18.47,81.7,869.48,15.28,291.97,21.21,17.33,12.65,303.87,306.22,"ascent",1.8,303.6,1.321,-0.877
20230309,"09",2023-03-08 23:41:37,1678318897,-23.50443907814,152.093442172308,1322.95,18.44,81.7,869.15,15.25,291.94,21.17,17.3,12.63,303.88,306.22,"ascent",1.8,305.4,1.272,-0.903
20230309,"09",2023-03-08 23:41:38,1678318898,-23.5044391324337,152.093442285177,1325.95,18.42,81.8,868.88,15.25,291.92,21.15,17.3,12.63,303.88,306.22,"ascent",1.7,307.3,1.223,-0.93
20230309,"09",2023-03-08 23:41:39,1678318899,-23.504439127356,152.093442371161,1328.79,18.37,81.6,868.51,15.17,291.87,21.08,17.2,12.57,303.87,306.2,"ascent",1.7,309.2,1.174,-0.957
20230309,"09",2023-03-08 23:41:40,1678318900,-23.5044391164513,152.093442215423,1331.8,18.3,81.2,868.25,15.02,291.8,20.99,17.04,12.45,303.82,306.13,"ascent",1.7,311.2,1.125,-0.984
20230309,"09",2023-03-08 23:41:41,1678318901,-23.5044391473195,152.093442215387,1334.95,18.28,81,867.99,14.96,291.78,20.96,16.98,12.41,303.82,306.12,"ascent",1.7,313.2,1.076,-1.011
20230309,"09",2023-03-08 23:41:42,1678318902,-23.5044392945197,152.09344226993,1337.95,18.27,80.9,867.61,14.93,291.77,20.95,16.95,12.39,303.85,306.15,"ascent",1.7,315.3,1.027,-1.037
20230309,"09",2023-03-08 23:41:43,1678318903,-23.5044394077873,152.09344226432,1340.79,18.27,80.8,867.32,14.92,291.77,20.95,16.93,12.38,303.88,306.18,"ascent",1.7,317.4,0.978,-1.064
20230309,"09",2023-03-08 23:41:44,1678318904,-23.5044395282526,152.093442425967,1343.65,18.24,80.7,867.08,14.87,291.74,20.91,16.87,12.34,303.87,306.16,"ascent",1.7,319.6,0.929,-1.091
20230309,"09",2023-03-08 23:41:45,1678318905,-23.5044395087101,152.093442514102,1346.8,18.23,80.4,866.71,14.8,291.73,20.9,16.8,12.3,303.9,306.18,"ascent",1.7,321.8,0.88,-1.118
20230309,"09",2023-03-08 23:41:46,1678318906,-23.5044395108035,152.093442627908,1349.95,18.18,80.2,866.43,14.71,291.68,20.83,16.71,12.23,303.88,306.14,"ascent",1.7,324,0.832,-1.145
20230309,"09",2023-03-08 23:41:47,1678318907,-23.5044395186851,152.093442780926,1352.95,18.16,80,866.09,14.65,291.66,20.81,16.64,12.19,303.89,306.15,"ascent",1.7,326.2,0.783,-1.171
20230309,"09",2023-03-08 23:41:48,1678318908,-23.5044394200475,152.09344297338,1355.79,18.15,79.9,865.85,14.62,291.65,20.79,16.61,12.17,303.9,306.16,"ascent",1.7,328.5,0.734,-1.198
20230309,"09",2023-03-08 23:41:49,1678318909,-23.5044393898798,152.093443123,1358.65,18.15,79.8,865.55,14.61,291.65,20.79,16.59,12.16,303.93,306.19,"ascent",1.7,330.8,0.685,-1.225
20230309,"09",2023-03-08 23:41:50,1678318910,-23.5044394134459,152.093443185028,1361.8,18.14,79.8,865.2,14.6,291.64,20.78,16.58,12.15,303.96,306.21,"ascent",1.7,333.1,0.636,-1.252
20230309,"09",2023-03-08 23:41:51,1678318911,-23.5044394971649,152.093443160637,1364.95,18.13,79.9,864.95,14.61,291.63,20.77,16.59,12.16,303.97,306.23,"ascent",1.7,335.3,0.587,-1.278
20230309,"09",2023-03-08 23:41:52,1678318912,-23.5044395220158,152.093443261399,1367.95,18.16,79.9,864.63,14.63,291.66,20.81,16.62,12.19,304.04,306.3,"ascent",1.7,337.6,0.538,-1.305
20230309,"09",2023-03-08 23:41:53,1678318913,-23.5044396557633,152.093443374339,1370.79,18.12,80,864.32,14.61,291.62,20.75,16.6,12.18,304.03,306.28,"ascent",1.7,339.8,0.489,-1.332
20230309,"09",2023-03-08 23:41:54,1678318914,-23.5044397230761,152.093443387757,1373.8,18.14,80.1,864.02,14.65,291.64,20.78,16.64,12.22,304.08,306.34,"ascent",1.7,342.1,0.44,-1.359
20230309,"09",2023-03-08 23:41:55,1678318915,-23.5044398211588,152.0934434176,1376.95,18.14,80.2,863.75,14.67,291.64,20.78,16.66,12.24,304.1,306.37,"ascent",1.6,344.2,0.391,-1.386
20230309,"09",2023-03-08 23:41:56,1678318916,-23.5044398214193,152.093443579616,1379.95,18.1,80.2,863.42,14.63,291.6,20.73,16.62,12.21,304.1,306.36,"ascent",1.6,346.4,0.342,-1.412
20230309,"09",2023-03-08 23:41:57,1678318917,-23.5044399164564,152.093443730936,1382.79,18.11,80.3,863.12,14.66,291.61,20.74,16.65,12.24,304.14,306.41,"ascent",1.6,348.5,0.293,-1.439
20230309,"09",2023-03-08 23:41:58,1678318918,-23.5044398972742,152.093443875084,1385.65,18.06,80.4,862.82,14.63,291.56,20.68,16.62,12.22,304.11,306.38,"ascent",1.6,350.5,0.245,-1.466
20230309,"09",2023-03-08 23:41:59,1678318919,-23.5044400348993,152.093443904139,1388.8,18.05,80.5,862.52,14.64,291.55,20.66,16.63,12.23,304.13,306.4,"ascent",1.6,352.5,0.196,-1.493
20230309,"09",2023-03-08 23:42:00,1678318920,-23.5044400115499,152.093443994948,1391.95,18.01,80.5,862.2,14.6,291.51,20.61,16.59,12.2,304.12,306.39,"ascent",1.6,354.5,0.147,-1.52
20230309,"09",2023-03-08 23:42:01,1678318921,-23.5044400896391,152.09344405429,1394.95,18,80.7,861.93,14.63,291.5,20.6,16.62,12.23,304.14,306.41,"ascent",1.6,356.4,0.098,-1.546
20230309,"09",2023-03-08 23:42:02,1678318922,-23.5044401128939,152.093444084993,1397.79,18,80.8,861.63,14.65,291.5,20.6,16.64,12.25,304.17,306.44,"ascent",1.6,358.2,0.049,-1.573
20230309,"09",2023-03-08 23:42:03,1678318923,-23.5044402062314,152.093444188533,1400.65,17.95,80.8,861.33,14.6,291.45,20.53,16.59,12.22,304.15,306.42,"ascent",1.6,360,0,-1.6
20230309,"09",2023-03-08 23:42:04,1678318924,-23.5044402959566,152.093444274008,1403.81,17.93,80.8,861.02,14.58,291.43,20.51,16.57,12.2,304.16,306.42,"ascent",1.6,360,0,-1.597
20230309,"09",2023-03-08 23:42:05,1678318925,-23.5044403627661,152.093444402761,1407,17.9,80.8,860.67,14.55,291.4,20.47,16.54,12.19,304.16,306.42,"ascent",1.6,360,0,-1.594
20230309,"09",2023-03-08 23:42:06,1678318926,-23.5044405058816,152.093444470503,1409.95,17.88,80.9,860.42,14.55,291.38,20.44,16.54,12.19,304.17,306.43,"ascent",1.6,360,0,-1.591
20230309,"09",2023-03-08 23:42:07,1678318927,-23.5044405875848,152.093444515415,1412.79,17.91,81.1,860.09,14.62,291.41,20.48,16.61,12.25,304.23,306.51,"ascent",1.6,360,0,-1.588
20230309,"09",2023-03-08 23:42:08,1678318928,-23.5044405875346,152.093444597332,1415.65,17.9,81.4,859.82,14.67,291.4,20.47,16.66,12.29,304.25,306.53,"ascent",1.6,360,0,-1.585
20230309,"09",2023-03-08 23:42:09,1678318929,-23.5044405903171,152.093444659903,1418.65,17.85,81.3,859.51,14.6,291.35,20.4,16.59,12.24,304.23,306.5,"ascent",1.6,360,0,-1.582
20230309,"09",2023-03-08 23:42:10,1678318930,-23.5044406257362,152.093444740888,1421.65,17.81,81.3,859.19,14.56,291.31,20.35,16.55,12.21,304.22,306.49,"ascent",1.6,360,0,-1.579
20230309,"09",2023-03-08 23:42:11,1678318931,-23.5044407164147,152.093444792701,1424.8,17.78,81.1,858.89,14.5,291.28,20.31,16.47,12.16,304.22,306.48,"ascent",1.6,360,0,-1.576
20230309,"09",2023-03-08 23:42:12,1678318932,-23.5044407715641,152.093444901842,1427.79,17.72,80.8,858.62,14.38,291.22,20.24,16.35,12.08,304.18,306.42,"ascent",1.6,360,0,-1.574
20230309,"09",2023-03-08 23:42:13,1678318933,-23.5044407966633,152.093444840095,1430.65,17.73,80.6,858.28,14.35,291.23,20.25,16.32,12.06,304.23,306.47,"ascent",1.6,360,0,-1.571
20230309,"09",2023-03-08 23:42:14,1678318934,-23.5044409079896,152.093444771231,1433.8,17.67,80.5,857.98,14.27,291.17,20.17,16.24,12,304.2,306.42,"ascent",1.6,360,0,-1.568
20230309,"09",2023-03-08 23:42:15,1678318935,-23.5044408675837,152.093444833025,1436.95,17.7,80.5,857.69,14.3,291.2,20.21,16.27,12.03,304.26,306.49,"ascent",1.6,360,0,-1.565
20230309,"09",2023-03-08 23:42:16,1678318936,-23.5044409999253,152.093444978763,1439.95,17.64,80.3,857.34,14.21,291.14,20.14,16.17,11.96,304.23,306.45,"ascent",1.6,360,0,-1.562
20230309,"09",2023-03-08 23:42:17,1678318937,-23.5044410472132,152.09344500943,1442.79,17.64,80.5,857.12,14.24,291.14,20.14,16.21,11.99,304.25,306.48,"ascent",1.6,360,0,-1.559
20230309,"09",2023-03-08 23:42:18,1678318938,-23.5044411597634,152.093445111467,1445.65,17.63,80.4,856.79,14.21,291.13,20.12,16.18,11.97,304.27,306.5,"ascent",1.6,360,0,-1.556
20230309,"09",2023-03-08 23:42:19,1678318939,-23.50444125023,152.093445233965,1448.8,17.6,80.3,856.55,14.17,291.1,20.09,16.13,11.94,304.27,306.48,"ascent",1.6,360,0,-1.553
20230309,"09",2023-03-08 23:42:20,1678318940,-23.5044413182993,152.093445328326,1451.95,17.61,80.4,856.19,14.2,291.11,20.1,16.16,11.96,304.31,306.54,"ascent",1.6,360,0,-1.55
20230309,"09",2023-03-08 23:42:21,1678318941,-23.504441478905,152.093445409416,1454.95,17.59,80.3,855.89,14.16,291.09,20.07,16.12,11.94,304.32,306.54,"ascent",1.5,360,0,-1.547
20230309,"09",2023-03-08 23:42:22,1678318942,-23.5044415864186,152.093445396671,1457.79,17.58,80.2,855.55,14.13,291.08,20.06,16.09,11.92,304.35,306.56,"ascent",1.5,360,0,-1.544
20230309,"09",2023-03-08 23:42:23,1678318943,-23.504441691296,152.093445393123,1460.65,17.59,80,855.27,14.1,291.09,20.07,16.06,11.9,304.39,306.6,"ascent",1.5,360,0,-1.541
20230309,"09",2023-03-08 23:42:24,1678318944,-23.5044416998217,152.093445608957,1463.8,17.55,79.8,855.04,14.02,291.05,20.02,15.98,11.84,304.37,306.57,"ascent",1.5,360,0,-1.538
20230309,"09",2023-03-08 23:42:25,1678318945,-23.504441845706,152.093445667978,1466.95,17.52,79.4,854.64,13.91,291.02,19.98,15.87,11.77,304.38,306.56,"ascent",1.5,360,0,-1.535
20230309,"09",2023-03-08 23:42:26,1678318946,-23.5044419160507,152.093445811683,1469.95,17.53,79.2,854.39,13.89,291.03,20,15.84,11.75,304.41,306.6,"ascent",1.5,360,0,-1.532
20230309,"09",2023-03-08 23:42:27,1678318947,-23.5044419953156,152.09344591613,1472.79,17.52,79.1,854.09,13.86,291.02,19.98,15.81,11.73,304.43,306.61,"ascent",1.5,360,0,-1.529
20230309,"09",2023-03-08 23:42:28,1678318948,-23.5044420547251,152.093446013833,1475.65,17.53,78.9,853.82,13.83,291.03,20,15.78,11.71,304.47,306.65,"ascent",1.5,360,0,-1.526
20230309,"09",2023-03-08 23:42:29,1678318949,-23.5044420767786,152.093446142937,1478.8,17.53,78.8,853.48,13.81,291.03,20,15.76,11.7,304.51,306.68,"ascent",1.5,360,0,-1.524
20230309,"09",2023-03-08 23:42:30,1678318950,-23.5044421992661,152.09344621005,1481.95,17.51,78.3,853.15,13.69,291.01,19.97,15.64,11.61,304.52,306.68,"ascent",1.5,360,0,-1.521
20230309,"09",2023-03-08 23:42:31,1678318951,-23.5044422825365,152.093446382858,1484.95,17.44,77.7,852.83,13.5,290.94,19.88,15.45,11.48,304.48,306.61,"ascent",1.5,360,0,-1.518
20230309,"09",2023-03-08 23:42:32,1678318952,-23.5044424341397,152.093446501973,1487.79,17.48,77.8,852.58,13.56,290.98,19.93,15.51,11.52,304.55,306.69,"ascent",1.5,360,0,-1.515
20230309,"09",2023-03-08 23:42:33,1678318953,-23.5044424848118,152.093446568625,1490.65,17.48,77.8,852.32,13.56,290.98,19.93,15.51,11.53,304.57,306.71,"ascent",1.5,360,0,-1.512
20230309,"09",2023-03-08 23:42:34,1678318954,-23.5044424377853,152.09344660813,1493.8,17.48,77.7,852.02,13.54,290.98,19.93,15.49,11.52,304.6,306.74,"ascent",1.5,360,0,-1.509
20230309,"09",2023-03-08 23:42:35,1678318955,-23.5044422605916,152.093446714737,1496.95,17.54,78.1,851.69,13.68,291.04,20.01,15.63,11.63,304.7,306.86,"ascent",1.5,360,0,-1.506
20230309,"09",2023-03-08 23:42:36,1678318956,-23.5044423392153,152.093446917919,1499.43,17.53,78.1,851.43,13.67,291.03,20,15.62,11.62,304.72,306.88,"ascent",1.5,360,0,-1.503
20230309,"09",2023-03-08 23:42:37,1678318957,-23.5044426056757,152.09344735697,1500.3,17.64,78.1,851.29,13.78,291.14,20.14,15.73,11.71,304.85,307.02,"ascent",1.5,360,0,-1.5
20230309,"09",2023-03-08 23:42:38,1678318958,-23.5044483867392,152.093454309142,1500.65,17.67,78.5,851.24,13.88,291.17,20.17,15.84,11.79,304.88,307.07,"ascent",NA,NA,NA,NA
20230309,"09",2023-03-08 23:42:39,1678318959,-23.504462947422,152.09347239001,1500.82,17.72,79.2,851.2,14.07,291.22,20.24,16.03,11.94,304.94,307.16,"peak",NA,NA,NA,NA
